-- phpMyAdmin SQL Dump
-- version 3.4.5
-- http://www.phpmyadmin.net
--
-- Host: localhost
-- Waktu pembuatan: 27. Maret 2017 jam 09:06
-- Versi Server: 5.5.16
-- Versi PHP: 5.3.8

SET SQL_MODE="NO_AUTO_VALUE_ON_ZERO";
SET time_zone = "+00:00";


/*!40101 SET @OLD_CHARACTER_SET_CLIENT=@@CHARACTER_SET_CLIENT */;
/*!40101 SET @OLD_CHARACTER_SET_RESULTS=@@CHARACTER_SET_RESULTS */;
/*!40101 SET @OLD_COLLATION_CONNECTION=@@COLLATION_CONNECTION */;
/*!40101 SET NAMES utf8 */;

--
-- Database: `project_blk`
--

-- --------------------------------------------------------

--
-- Struktur dari tabel `admin`
--

CREATE TABLE IF NOT EXISTS `admin` (
  `idAdmin` int(11) NOT NULL AUTO_INCREMENT,
  `namaAdmin` varchar(100) NOT NULL,
  `emailAdmin` varchar(255) NOT NULL,
  `password` varchar(255) NOT NULL,
  `telpAdmin` varchar(20) NOT NULL,
  `alamatAdmin` text NOT NULL,
  `permission` enum('r-w-u','r-w-ux') NOT NULL,
  `created` date NOT NULL,
  PRIMARY KEY (`idAdmin`)
) ENGINE=InnoDB  DEFAULT CHARSET=latin1 AUTO_INCREMENT=2 ;

--
-- Dumping data untuk tabel `admin`
--

INSERT INTO `admin` (`idAdmin`, `namaAdmin`, `emailAdmin`, `password`, `telpAdmin`, `alamatAdmin`, `permission`, `created`) VALUES
(1, 'admin', 'admin@admin.co', '21232f297a57a5a743894a0e4a801fc3', '085878434313', 'Trunan', 'r-w-ux', '2017-03-02');

-- --------------------------------------------------------

--
-- Struktur dari tabel `agama`
--

CREATE TABLE IF NOT EXISTS `agama` (
  `id_agama` int(11) NOT NULL AUTO_INCREMENT,
  `nama` varchar(64) NOT NULL,
  PRIMARY KEY (`id_agama`)
) ENGINE=InnoDB  DEFAULT CHARSET=utf8 AUTO_INCREMENT=6 ;

--
-- Dumping data untuk tabel `agama`
--

INSERT INTO `agama` (`id_agama`, `nama`) VALUES
(1, 'Islam'),
(2, 'Kristen'),
(3, 'Katholik'),
(4, 'Hindu'),
(5, 'Budha');

-- --------------------------------------------------------

--
-- Struktur dari tabel `chartpeserta`
--

CREATE TABLE IF NOT EXISTS `chartpeserta` (
  `idChartPeserta` int(11) NOT NULL AUTO_INCREMENT,
  `id_peserta` int(11) NOT NULL,
  `bulan` varchar(30) NOT NULL,
  `tahun` varchar(10) NOT NULL,
  `status_peserta` enum('0','1') NOT NULL,
  PRIMARY KEY (`idChartPeserta`),
  KEY `id_peserta` (`id_peserta`)
) ENGINE=InnoDB DEFAULT CHARSET=latin1 AUTO_INCREMENT=1 ;

-- --------------------------------------------------------

--
-- Struktur dari tabel `contact`
--

CREATE TABLE IF NOT EXISTS `contact` (
  `id` int(11) NOT NULL AUTO_INCREMENT,
  `idAdmin` int(11) DEFAULT NULL,
  `contactHeading` text,
  `contactTelepon` varchar(255) DEFAULT NULL,
  `contactAlamat` varchar(1000) DEFAULT NULL,
  `contactText` text NOT NULL,
  `last_updated` date DEFAULT NULL,
  PRIMARY KEY (`id`),
  KEY `idAdmin` (`idAdmin`)
) ENGINE=InnoDB  DEFAULT CHARSET=latin1 AUTO_INCREMENT=2 ;

--
-- Dumping data untuk tabel `contact`
--

INSERT INTO `contact` (`id`, `idAdmin`, `contactHeading`, `contactTelepon`, `contactAlamat`, `contactText`, `last_updated`) VALUES
(1, 1, 'Balai Latihan Kerja Kabupaten Magelang', '(0293) 335092', 'Jalan Magelang - Purworejo KM. 11, Tempuran, Sidoagung, Tempuran, Magelang, Jawa Tengah 56172', '', '2017-03-04');

-- --------------------------------------------------------

--
-- Struktur dari tabel `counter`
--

CREATE TABLE IF NOT EXISTS `counter` (
  `counterID` int(11) NOT NULL AUTO_INCREMENT,
  `ip` varchar(100) NOT NULL,
  `os` varchar(100) NOT NULL,
  `browser` varchar(100) NOT NULL,
  `date_created` datetime NOT NULL,
  PRIMARY KEY (`counterID`)
) ENGINE=InnoDB  DEFAULT CHARSET=latin1 AUTO_INCREMENT=31 ;

--
-- Dumping data untuk tabel `counter`
--

INSERT INTO `counter` (`counterID`, `ip`, `os`, `browser`, `date_created`) VALUES
(1, '127.0.0.1', 'Ubuntu', 'Mozilla Firefox v.51.0', '2017-03-05 23:22:16'),
(2, '127.0.0.1', 'Ubuntu', 'Mozilla Firefox v.51.0', '2017-03-05 23:31:29'),
(3, '127.0.0.1', 'Linux', 'Google Chrome v.58.0.3026.3', '2017-03-06 02:43:25'),
(4, '127.0.0.1', 'Ubuntu', 'Mozilla Firefox v.51.0', '2017-03-07 01:51:27'),
(5, '127.0.0.1', 'Ubuntu', 'Mozilla Firefox v.51.0', '2017-03-08 05:56:32'),
(6, '127.0.0.1', 'Linux', 'Google Chrome v.58.0.3029.6', '2017-03-08 13:47:48'),
(7, '127.0.0.1', 'Ubuntu', 'Mozilla Firefox v.52.0', '2017-03-09 07:06:39'),
(8, '127.0.0.1', 'Ubuntu', 'Mozilla Firefox v.52.0', '2017-03-10 08:26:48'),
(9, '127.0.0.1', 'Ubuntu', 'Mozilla Firefox v.52.0', '2017-03-11 02:09:36'),
(10, '127.0.0.1', 'Ubuntu', 'Mozilla Firefox v.52.0', '2017-03-12 08:53:15'),
(11, '127.0.0.1', 'Ubuntu', 'Mozilla Firefox v.52.0', '2017-03-13 09:18:52'),
(12, '127.0.0.1', 'Linux', 'Google Chrome v.58.0.3029.6', '2017-03-14 09:49:34'),
(13, '::1', 'Linux', 'Google Chrome v.58.0.3029.6', '2017-03-14 09:54:02'),
(14, '127.0.0.1', 'Ubuntu', 'Mozilla Firefox v.52.0', '2017-03-14 12:29:03'),
(15, '::1', 'Windows 7', 'Google Chrome v.54.10.2840.71', '0000-00-00 00:00:00'),
(16, '127.0.0.1', 'Windows 7', 'Google Chrome v.54.10.2840.71', '0000-00-00 00:00:00'),
(17, '::1', 'Windows 7', 'Google Chrome v.54.10.2840.71', '0000-00-00 00:00:00'),
(18, '::1', 'Windows 7', 'Google Chrome v.54.10.2840.71', '0000-00-00 00:00:00'),
(19, '::1', 'Windows 7', 'Google Chrome v.54.10.2840.71', '0000-00-00 00:00:00'),
(20, '::1', 'Windows 7', 'Google Chrome v.54.10.2840.71', '0000-00-00 00:00:00'),
(21, '::1', 'Windows 7', 'Google Chrome v.54.10.2840.71', '0000-00-00 00:00:00'),
(22, '::1', 'Windows 7', 'Google Chrome v.54.10.2840.71', '0000-00-00 00:00:00'),
(23, '::1', 'Windows 7', 'Google Chrome v.54.10.2840.71', '0000-00-00 00:00:00'),
(24, '::1', 'Windows 7', 'Google Chrome v.54.10.2840.71', '0000-00-00 00:00:00'),
(25, '::1', 'Windows 7', 'Google Chrome v.54.10.2840.71', '0000-00-00 00:00:00'),
(26, '::1', 'Windows 7', 'Google Chrome v.54.10.2840.71', '0000-00-00 00:00:00'),
(27, '::1', 'Windows 7', 'Google Chrome v.54.10.2840.71', '0000-00-00 00:00:00'),
(28, '::1', 'Windows 7', 'Google Chrome v.54.10.2840.71', '0000-00-00 00:00:00'),
(29, '::1', 'Windows 7', 'Google Chrome v.54.10.2840.71', '0000-00-00 00:00:00'),
(30, '::1', 'Windows 7', 'Google Chrome v.54.10.2840.71', '0000-00-00 00:00:00');

-- --------------------------------------------------------

--
-- Struktur dari tabel `db_backup`
--

CREATE TABLE IF NOT EXISTS `db_backup` (
  `idBackup` int(11) NOT NULL AUTO_INCREMENT,
  `filename` varchar(400) NOT NULL,
  `jadwal` varchar(100) NOT NULL,
  `created` varchar(100) NOT NULL,
  PRIMARY KEY (`idBackup`)
) ENGINE=InnoDB  DEFAULT CHARSET=latin1 AUTO_INCREMENT=2 ;

--
-- Dumping data untuk tabel `db_backup`
--

INSERT INTO `db_backup` (`idBackup`, `filename`, `jadwal`, `created`) VALUES
(1, 'coba', '23-01-2017', '23-03-2017 14:08:39');

-- --------------------------------------------------------

--
-- Struktur dari tabel `features`
--

CREATE TABLE IF NOT EXISTS `features` (
  `idFeatures` int(11) NOT NULL AUTO_INCREMENT,
  `judulFeature` varchar(100) NOT NULL,
  `deskFeature` text NOT NULL,
  `images` varchar(255) NOT NULL,
  `pathUrl` varchar(255) NOT NULL,
  `idAdmin` int(11) NOT NULL,
  `last_updated` date NOT NULL,
  PRIMARY KEY (`idFeatures`),
  KEY `idAdmin` (`idAdmin`)
) ENGINE=InnoDB  DEFAULT CHARSET=latin1 AUTO_INCREMENT=3 ;

--
-- Dumping data untuk tabel `features`
--

INSERT INTO `features` (`idFeatures`, `judulFeature`, `deskFeature`, `images`, `pathUrl`, `idAdmin`, `last_updated`) VALUES
(1, 'Kegiatan Balai Latihan Kerja', 'Mesin Logam\r\nPelatihan yang mengajarkan peserta pelatihan dapat melakukan pekerjaan dengan menggunakan mesin umum maupun mesin bubut.\r\nFasilitas :\r\n1)Alat ukur busur bilah/ Bevel protektor \r\n2)Mata bor\r\n3)Berbagai macam pisau bubut\r\n4)Baja\r\n', 'gambar4.jpg', '../../libs/slides/02-03-2017-17-15-55-gambar4.jpg', 1, '2017-03-03'),
(2, 'Cerita Alumni', 'tahun', 'gambar4.jpg', '../../libs/slides/02-03-2017-17-15-55-gambar4.jpg', 1, '2017-03-03');

-- --------------------------------------------------------

--
-- Struktur dari tabel `gelombang`
--

CREATE TABLE IF NOT EXISTS `gelombang` (
  `idGelombang` int(11) NOT NULL AUTO_INCREMENT,
  `idKejuruan` int(11) NOT NULL,
  `nama` varchar(255) NOT NULL,
  `kuota` int(11) DEFAULT '0',
  `syarat` text,
  `gelombangDibuka` date DEFAULT NULL,
  `keterangan` enum('Tutup','Buka') NOT NULL,
  PRIMARY KEY (`idGelombang`),
  KEY `idKejuruan` (`idKejuruan`)
) ENGINE=InnoDB  DEFAULT CHARSET=latin1 AUTO_INCREMENT=13 ;

--
-- Dumping data untuk tabel `gelombang`
--

INSERT INTO `gelombang` (`idGelombang`, `idKejuruan`, `nama`, `kuota`, `syarat`, `gelombangDibuka`, `keterangan`) VALUES
(1, 1, 'Gelombang 1 2017', 5, 'Usia minimal 17 Tahun dan Pendidikan minimal SLTA | 2 Paket', NULL, 'Buka'),
(2, 5, 'Gelombang 1 2017', 0, 'Usia minimal 17 Tahun dan Pendidikan minimal SMK | 1 Paket', NULL, 'Buka'),
(3, 6, 'APBN GEL 2', 0, 'Usia minimal 17 Tahun dan Pendidikan minimal SMK | 1 Paket', '2017-02-08', 'Buka'),
(4, 7, 'Gelombang 1 2017', 0, '', NULL, 'Tutup'),
(5, 8, 'Gelombang 1 2017', 0, 'Usia minimal 17 Tahun dan Pendidikan minimal SLTP | 2 Paket', NULL, 'Buka'),
(6, 9, 'Gelombang 1 2017', 0, 'Usia minimal 17 Tahun dan Pendidikan minimal SLTP | 2 Paket', NULL, 'Buka'),
(7, 10, 'Gelombang 1 2017', 0, '', NULL, 'Tutup'),
(8, 11, 'Gelombang 1 2017', 0, '', NULL, 'Tutup'),
(9, 12, 'Gelombang 1 2017', 0, '', NULL, 'Tutup'),
(10, 4, 'Gelombang 1 2017', 5, '', NULL, 'Tutup'),
(11, 3, 'Gelombang 1 2017', 5, '', NULL, 'Tutup'),
(12, 2, 'Gelombang 1 2017', 0, '', NULL, 'Tutup');

-- --------------------------------------------------------

--
-- Struktur dari tabel `kejuruan`
--

CREATE TABLE IF NOT EXISTS `kejuruan` (
  `id_kejuruan` int(4) NOT NULL AUTO_INCREMENT,
  `nama_kejuruan` varchar(50) NOT NULL,
  `maxKuota` int(11) NOT NULL DEFAULT '20',
  PRIMARY KEY (`id_kejuruan`)
) ENGINE=InnoDB  DEFAULT CHARSET=latin1 AUTO_INCREMENT=13 ;

--
-- Dumping data untuk tabel `kejuruan`
--

INSERT INTO `kejuruan` (`id_kejuruan`, `nama_kejuruan`, `maxKuota`) VALUES
(1, 'Operator Komputer', 20),
(2, 'Menjahit', 16),
(3, 'Teknik Pendingin', 20),
(4, 'Processing (Boga)', 18),
(5, 'Mesin Produksi', 20),
(6, 'Las Listrik', 20),
(7, 'Administrasi Kantor', 20),
(8, 'Teknisi Handphone', 20),
(9, 'Mobil Bensin', 20),
(10, 'Sepeda Motor', 20),
(11, 'Sablon', 20),
(12, 'Meubelair', 20);

-- --------------------------------------------------------

--
-- Struktur dari tabel `loker`
--

CREATE TABLE IF NOT EXISTS `loker` (
  `idLoker` int(11) NOT NULL AUTO_INCREMENT,
  `judulLoker` varchar(255) NOT NULL,
  `deskripsi` text NOT NULL,
  `closingDate` date NOT NULL,
  `tanggalUpload` date NOT NULL,
  `tanggalEdit` date DEFAULT NULL,
  `idAdmin` int(11) NOT NULL,
  PRIMARY KEY (`idLoker`),
  KEY `idAdmin` (`idAdmin`)
) ENGINE=InnoDB  DEFAULT CHARSET=latin1 AUTO_INCREMENT=6 ;

--
-- Dumping data untuk tabel `loker`
--

INSERT INTO `loker` (`idLoker`, `judulLoker`, `deskripsi`, `closingDate`, `tanggalUpload`, `tanggalEdit`, `idAdmin`) VALUES
(1, 'Loker di PT Kao Indonesia 2017', '<h4> <font size="4">Management Trainee</font></h4> <i>Persyaratan:</i><br> <ul><li>Pendidikan lulusan S1</li><li>Berasal dari jurusan:</li><ul><li>Industri</li><li>Teknik Kimia</li><li>Kimia</li><li>Ekonomi</li><li>Studi Bisnis</li><li>Administrasi</li><li>Manajemen</li><li>Pemasaran</li><li>Farmasi</li></ul><li>Fresh graduate dipersilahkan untuk melamar</li><li>Memiliki kepribadian yang menyenangkan, keterampilan komunikasi yang baik, berorientasi pada target, inisiatif diri, berpikir analitis yang kuat dan kepemimpinan yang kuat</li><li>Fasih berbahasa Inggris dan familiar menggunakan program Ms. Office (Word, Excel, Power point)</li><li>Bersedia untuk diproses dan ditempatkan di Jakarta Selatan</li><li>Bekerja full time</li></ul> <br> Bagi anda para pencari kerja yang tertarik untuk berkarir bersama PT Kao Indonesia dan memenuhi segala kebutuhan yang dipersyaratkan pada <b><a href="http://www.openkerja.com/2014/11/lowongan-kerja-pt-kao-indonesia.html" target="_blank">Lowongan Kerja PT Kao Indonesia Terbaru</a></b> bulan Maret 2017 diatas, maka silahkan siapkan berkas lamaran kerja lengkap seperti surat lamaran kerja, CV, foto terbaru serta dokumen pelengkap atau pendukung lainnya.<br> <br> Adapun tata cara yang telah ditetapkan dalam proses rekrutmen ini yaitu dengan melakukan pendaftaran dan penyampaian dokumen kelengkapan administrasi permohonan dilakukan dengan mengirimkan aplikasi lamaran lengkap maks. 200 kb paling lambat 12 Maret 2017&nbsp;via email ke:<br> <div style="text-align: center;"> <br> <b>hrinfo@kao.co.id</b><br> dengan subject:<b> MT KAO 2017 - UNPAR<br><br></b><div align="left">Catatan: <ul><li>Bersedia ditempatkan di jobsite perusahaan di seluruh Indonesia</li><li>Hanya kandidat terbaik yang memenuhi kualifikasi yang akan diproses</li><li>Semua tahapan seleksi Lowongan Kerja PT Kao Indonesia tidak dipungut biaya alias gratis</li><li>Hati-hati terhadap berbagai penipuan lowongan kerja yang sering terjadi</li><li>Follow akun Instagram <a href="https://www.instagram.com/openkerja/" rel="nofollow" target="_blank">@openkerja</a></li><li>Semoga Informasi Lowongan Kerja Terbaru ini sangat membantu para pencari kerja</li></ul></div></div>', '2017-03-12', '2017-03-04', '2017-03-05', 1),
(3, 'Lowongan Kerja di Bank BCA 2017', '<h4> Program Relationship Officer (PRO)</h4> Persyaratan :<br> <ul><li>Pendidikan Lulusan Sarjana (<a href="http://www.openkerja.com/search/label/S1" target="_blank">S1</a>)</li><li>IPK minimal 2,75 (skala 4,00)</li><li>Usia maksimal 25 tahun</li><li>Memiliki kemampuan interpersonal yang baik</li><li>Menyukai pekerjaan yang berhubungan dengan nasabah</li><li>Berpenampilan menarik dengan tinggi dan berat badan yang proporsional&nbsp;</li><li>Bersedia tidak menikah selama 1 (satu) tahun pendidikan</li><li>Bersedia menjalani ikatan dinas setelah pendidikan</li><li>Penempatan di Kantor Cabang BCA (Jakarta, Surabaya, Bandung, Pangkal Pinang, Palangkaraya, Balikpapan, Samarinda, Tarakan, Ambon, Denpasar, Batam, Lhokseumawe, Tanjung Pinang, Tebing Tinggi)</li></ul> <br> <br> <h4> Program Account Officer (PAO)</h4> Persyaratan :<br> <ul><li>Pendidikan minimal S1 dari <a href="http://www.openkerja.com/search/label/Semua%20Jurusan" target="_blank">Semua jurusan</a></li><li>Indeks Prestasi Kumulatif (IPK) minimal 2.75 dari skala 4.00</li><li>Usia maksimal 25 tahun</li><li>Memiliki kemampuan analisa yang baik</li><li>Memiliki kemampuan interpersonal yang baik</li><li>Memiliki keinginan berprestasi</li><li>Belum menikah dan bersedia untuk tidak menikah selama pendidikan</li><li>Bersedia menjalani ikatan dinas setelah pendidikan</li><li>Penempatan di Kantor Cabang (Jakarta, Surabaya, Bandung, Pangkal Pinang, Palangkaraya, Palembang, Banjarmasin, Pontianak, Balikpapan, Tarakan, Samarinda, Kupang, Medan, Batam, Bukit Barisanm, Kisaran, Tanjung Pinang)</li></ul> <br> <br> <h4> Program Junior Business Analyst (IT)</h4> Persyaratan :<br> <ul><li>Pendidikan Lulusan S1</li><li>IPK minimal 3.00 (skala 4.00)</li><li>Memiliki latar belakang pendidikan Sistem Informasi / Teknik Informatika / Komputerisasi <a href="http://www.openkerja.com/search/label/Akuntansi" target="_blank">Akuntansi</a> / Teknik Industri</li><li>Usia maksimal 25 tahun</li><li>Memiliki minat di Pengembangan Sistem atau Produk</li><li>Penempatan di Kantor Pusat (Jakarta)</li><li>Bersedia tidak menikah selama 1 (satu) tahun pendidikan</li><li>Bersedia menjalani ikatan dinas setelah pendidikan</li></ul> <br> <br> <h4> Program Analis Kredit</h4> Persyaratan :<br> <ul><li>Lulusan Sarjana (S1) dengan IPK minimal 2,75 (skala 4,00)</li><li>Memiliki latar belakang pendidikan Ekonomi atau Teknik</li><li>Usia maksimal 25 tahun</li><li>Memiliki kemampuan analisa yang baik</li><li>Memiliki keinginan berprestasi</li><li>Bersedia tidak menikah selama 1 (satu) tahun pendidikan</li><li>Bersedia menjalani ikatan dinas setelah pendidikan</li><li>Penempatan di Jakarta atau Surabaya</li></ul> <br> <br> <h4> BCA IT Talent</h4> Persyaratan :<br> <ul><li>Lulusan S1 dengan IPK minimal 3,00 (Strata 1) dan 3,25 (Strata 2)</li><li>Memiliki latar belakang pendidikan atau pekerjaan di bidang komputer</li><li>Usia maks. 25 tahun (Strata 1) dan 27 tahun (Strata 2)</li><li>Bersedia tidak menikah selama 1 (satu) tahun pendidikan</li><li>Bersedia menjalani ikatan dinas setelah pendidikan</li><li>Penempatan di Kantor Pusat (Jakarta)</li></ul> <br> <br> <h4> BCA Banker Program</h4> Persyaratan:<br> <ul><li>Pendidikan&nbsp;Lulusan S1 atau <a href="http://www.openkerja.com/search/label/S2" target="_blank">S2</a></li><li>Berasal dari universitas yang terkemuka di dalam ataupun luar negeri</li><li>Bagi Lulusan baru :&nbsp;</li><ul><li>IPK minimal</li><ul><li>3.50 (S1)</li><li>3.60 (S2)</li></ul><li>Berprestasi &amp; aktif organisasi (akademis/non akademis)</li></ul><li>Bagi yang Berpengalaman :&nbsp;</li><ul><li>Pengalaman maksimal 2 tahun</li><li>IPK minimal&nbsp;</li><ul><li>3.25 (S1)</li><li>3.50 (S2)</li></ul></ul><li>Usia maksimal</li><ul><li>25 tahun (S1)</li><li>27 tahun (S2)</li></ul><li>Belum menikah</li><li>Mempunyai minat yang tinggi untuk mengembangkan diri di dunia Perbankan</li><li>Proaktif dan memiliki inisiatif yang tinggi</li><li>Mempunyai dorongan untuk selalu meningkatkan diri</li><li>Menyukai tantangan</li></ul> <br> <br> <h4> Sekretaris</h4> Persyaratan :<br> <ul><li>Pendidikan minimal <a href="http://www.openkerja.com/search/label/D3" target="_blank">D3</a> (sedang melanjutkan S1) dari jurusan Sekretaris / Ilmu Komunikasi / Public Relation / Administrasi Niaga</li><li>Indeks Prestasi Kumulatif (IPK) minimal 2.75 dari skala 4.00</li><li>Wanita dengan usia maksimal 27 tahun</li><li>Memiliki kemampuan berbahasa Inggris merupakan nilai tambah</li><li>Menguasai Microsoft Office</li><li>Berpenampilan menarik</li><li>Ramah dan mampu berkomunikasi dengan baik</li><li>Penempatan di Jabodetabek (Kantor Cabang &amp; Kantor Pusat)</li></ul> <br> <br> <h4> Staf Mekatronik Engineer</h4> Persyaratan :<br> <ul><li>Pendidikan Lulusan Sarjana (S1)</li><li>Berasal dari jurusan IT/Robotic/Mekanikal Engineer</li><li>IPK minimal 3,00 (skala 4,00)</li><li>Memiliki pengalaman kerja selama 1 - 5 tahun dalam pabrik yang menggunakan system automation</li><li>Pria, usia maksimal 30 tahun</li><li>Mampu berbahasa Inggris secara aktif dan pasif.</li><li>Menguasai programming PLC, mekatronika.</li><li>Menguasai maintenance dasar panel listrik, motor mesin (i.e. konveyor, ASRS)</li><li>Penempatan di Serpong, <a href="http://www.openkerja.com/search/label/Tangerang" target="_blank">Tangerang</a></li></ul> <br> <br> <h4> Staf Legal Korporasi</h4> Persyaratan:<br> <ul><li>Minimal lulusan S1 dari Jurusan Hukum dari universitas terkemuka</li><li>IPK minimal 3.00 (skala 4.00)</li><li>Usia maksimal 27 tahun</li><li>Freshgraduates atau berpengalaman 1-2 tahun</li><li>Memiliki minat pada bidang hukum di dunia perbankan</li><li>Penempatan kantor pusat (Jakarta)</li><li>Bersedia menjalani masa kontrak selama 1 tahun dan apabila berkinerja baik selama masa kontrak akan dilakukan pengangkatan sebagai karyawan tetap</li></ul> <br> <br> <h4> Staf Keuangan</h4> Persyaratan:<br> <ul><li>Pendidikan minimal lulusan S1</li><li>Berasal dari Jurusan Akuntansi</li><li>IPK minimal 3.00 (skala 4.00)</li><li>Usia maksimal 27 tahun 0 bulan</li><li>Terbuka untuk lulusan baru ataupun pengalaman maksimal 3 tahun</li><li>Memiliki kemampuan menggunakan program komputer untuk pengolahan data keuangan/akuntansi (mis. Microsoft Excel - Advance, dll)</li><li>Pria lebih diutamakan</li><li>Penempatan kantor pusat (<a href="http://www.openkerja.com/search/label/Jakarta" target="_blank">Jakarta</a>)</li></ul> <br> <br> <h4> Customer Service Video Banking</h4> Persyaratan :<br> <ul><li>Pria / Wanita berpenampilan menarik&nbsp;</li><li>Lulusan Sarjana (S1) dari segala jurusan dengan IPK minimal 2,75 (skala 4,00)&nbsp;</li><li>Usia maksimal 25 tahun</li><li>Mampu berkomunikasi secara efektif baik lisan maupun tulisan.</li><li>Mampu menganalisa masalah dan teliti.</li><li>Mempunyai Talenta (Kemampuan Berbahasa Asing yg baik (English, German, Mandarin,Korean, etc)</li><li>Mampu mengoperasikan komputer dengan baik</li><li>Memiliki kemampuan analisa dan komunikasi yang baik</li><li>Jujur dan memiliki integritas yang tinggi</li><li>Bersedia bekerja shifting&nbsp;</li><li>Memiliki pengalaman bekerja di bidang marketing perbankan merupakan suatu nilai tambah</li></ul> <br> <br> <h4> Staf IT</h4> Persyaratan :<br> <ul><li>Wanita/Pria maksimal usia 27 tahun</li><li>Minimum Lulusan S1 Teknik, memiliki latar belakang pendidikan atau pekerjaan di bidang komputer</li><li>IPK minimal 2,75 (skala 4,00)</li><li>Disiplin, jujur, teliti memiliki motivasi kerja yang tinggi.</li><li>Mampu bekerja sama dalam tim</li><li>Penempatan di Jakarta / Surabaya</li></ul> <br> <h4> Staf Audit IT</h4> Persyaratan :<br> <ul><li>Wanita/Pria maksimal usia 27 tahun</li><li>Minimum Lulusan S1/S2 Ilmu Komputer/Teknik Informatika/ Sistem Informasi yang sesuai dengan minimum IPK3,00 &nbsp;(skala 4,00)</li><li>Memiliki pengalaman kerja minimal 2 tahun di bidang auditor terutama audit IT.</li><li>Disiplin, jujur, teliti memiliki motivasi kerja yang tinggi.</li><li>Mampu bekerja sama dalam tim.</li><li>Penempatan di Kantor Pusat Jakarta.</li></ul> <br> <br> <h4> Staf Pengembangan Produk</h4> Persyaratan:<br> <ul><li>Pria/Wanita dengan minimal pendidikan S1</li><li>Latar belakang pendidikan dari Teknik Informatika</li><li>IPK minimal 2.75 dari skala 4.00</li><li>Maksimal usia 27 tahun</li><li>Memiliki pengalaman di bidang pengembangan produk merupakan nilai tambah</li><li>Memiliki minat di dunia Bisnis, Kreatif dan Inovatif</li></ul> <br> <br> <h4> Staf Senior Management Information System</h4> Persyaratan:<br> <ul><li>Pendidikan minimal S1 dari jurusan Teknik Informatika / Komputer</li><li>Indeks Prestasi Kumulatif (IPK) minimal 2.75 dari skala 4.00</li><li>Usia maksimal 30 tahun</li><li>Memiliki pengalaman atau minat dalam hal data mining, data analyst dan Reporting</li><li>Menguasai reporting tools (SQL Server Reporting Services (SSRS) &amp; SSIS)</li><li>Menguasai tools business intelligent Qliksense / Qlikview</li><li>Penempatan di Jakarta</li></ul> <br> <br> <h4> Magang Bakti</h4> Persyaratan :<br> <ul><li>Warga Negara Indonesia</li><li>Pria / Wanita berpenampilan menarik</li><li>Pendidikan Lulusan <a href="http://www.openkerja.com/p/lowongan-kerja-sma-smk.html" target="_blank">SMA / SMK</a> (nilai rata-rata rapor semester 5 &amp; 6 min. 7,0)</li><li>Pendidikan D1 - D3 hingga S1 (IPK min. 2,50)</li><li>Usia 18 s/d 25 tahun</li><li>Sehat jasmani dan rohani</li><li>Ramah dan mampu berkomunikasi dengan baik</li><li>Tidak pernah terlibat Narkoba dan pelanggaran hukum lainnya</li><li>Bersedia ditempatkan di seluruh cabang BCA di wilayah kota seleksi</li><li>Lulus seleksi</li><li>Bersedia tidak menikah selama proses <a href="http://www.openkerja.com/search/label/Magang" target="_blank">magang</a></li></ul> <br> Bagi anda para pencari kerja yang tertarik untuk berkarir bersama Bank BCA dan memenuhi segala kebutuhan yang dipersyaratkan pada <b><a href="http://www.openkerja.com/2014/11/lowongan-kerja-bank-central-asia-bca.html" target="_blank">Lowongan Kerja Bank BCA Terbaru</a></b> bulan Februari 2017 diatas, maka silahkan siapkan berkas lamaran kerja lengkap seperti surat lamaran kerja, CV, foto terbaru serta dokumen pelengkap atau pendukung lainnya.', '2017-02-28', '2017-03-03', '2017-03-04', 1);
INSERT INTO `loker` (`idLoker`, `judulLoker`, `deskripsi`, `closingDate`, `tanggalUpload`, `tanggalEdit`, `idAdmin`) VALUES
(4, 'Lowongan Kerja BUMN di BPJS Ketenagakerjaan 2017', '<h4 style="margin: 0px 0px 0.6em; padding: 0px; border: 0px; font-variant-numeric: inherit; font-stretch: inherit; font-size: 16px; line-height: normal; font-family: Roboto, Arial, sans-serif; vertical-align: baseline; text-transform: uppercase; color: rgb(68, 68, 68); background-color: rgb(255, 255, 255);">&nbsp;PENATA MADYA SDM (SDM)</h4><span style="color: rgb(68, 68, 68); font-family: Roboto, Arial, sans-serif; font-size: 16px; background-color: rgb(255, 255, 255);">Tugas dan Tanggung Jawab</span><br style="margin: 0px; padding: 0px; color: rgb(68, 68, 68); font-family: Roboto, Arial, sans-serif; font-size: 16px; background-color: rgb(255, 255, 255);"><br style="margin: 0px; padding: 0px; color: rgb(68, 68, 68); font-family: Roboto, Arial, sans-serif; font-size: 16px; background-color: rgb(255, 255, 255);"><span style="color: rgb(68, 68, 68); font-family: Roboto, Arial, sans-serif; font-size: 16px; background-color: rgb(255, 255, 255);">Melakukan kegiatan pengelolaan Sumber Daya Manusia terkait :</span><br style="margin: 0px; padding: 0px; color: rgb(68, 68, 68); font-family: Roboto, Arial, sans-serif; font-size: 16px; background-color: rgb(255, 255, 255);"><ul style="margin: 0.5em 0em 0.5em 2em; padding: 0px; border: 0px; font-variant-numeric: inherit; font-stretch: inherit; font-size: 16px; line-height: 1.4em; font-family: Roboto, Arial, sans-serif; vertical-align: baseline; list-style-position: outside; list-style-image: initial; color: rgb(68, 68, 68); background-color: rgb(255, 255, 255);"><li style="margin: 0.5em 0px; padding: 0px; border: 0px; font-style: inherit; font-variant: inherit; font-weight: inherit; font-stretch: inherit; font-size: inherit; line-height: inherit; font-family: inherit; vertical-align: baseline;">Penilaian Kinerja</li><li style="margin: 0.5em 0px; padding: 0px; border: 0px; font-style: inherit; font-variant: inherit; font-weight: inherit; font-stretch: inherit; font-size: inherit; line-height: inherit; font-family: inherit; vertical-align: baseline;">Training &amp; Development</li><li style="margin: 0.5em 0px; padding: 0px; border: 0px; font-style: inherit; font-variant: inherit; font-weight: inherit; font-stretch: inherit; font-size: inherit; line-height: inherit; font-family: inherit; vertical-align: baseline;">Pengembangan Karir</li><li style="margin: 0.5em 0px; padding: 0px; border: 0px; font-style: inherit; font-variant: inherit; font-weight: inherit; font-stretch: inherit; font-size: inherit; line-height: inherit; font-family: inherit; vertical-align: baseline;">Remunerasi</li></ul><br style="margin: 0px; padding: 0px; color: rgb(68, 68, 68); font-family: Roboto, Arial, sans-serif; font-size: 16px; background-color: rgb(255, 255, 255);"><span style="color: rgb(68, 68, 68); font-family: Roboto, Arial, sans-serif; font-size: 16px; background-color: rgb(255, 255, 255);">Persyaratan</span><br style="margin: 0px; padding: 0px; color: rgb(68, 68, 68); font-family: Roboto, Arial, sans-serif; font-size: 16px; background-color: rgb(255, 255, 255);"><ul style="margin: 0.5em 0em 0.5em 2em; padding: 0px; border: 0px; font-variant-numeric: inherit; font-stretch: inherit; font-size: 16px; line-height: 1.4em; font-family: Roboto, Arial, sans-serif; vertical-align: baseline; list-style-position: outside; list-style-image: initial; color: rgb(68, 68, 68); background-color: rgb(255, 255, 255);"><li style="margin: 0.5em 0px; padding: 0px; border: 0px; font-style: inherit; font-variant: inherit; font-weight: inherit; font-stretch: inherit; font-size: inherit; line-height: inherit; font-family: inherit; vertical-align: baseline;">Pendidikan minimal S1</li><li style="margin: 0.5em 0px; padding: 0px; border: 0px; font-style: inherit; font-variant: inherit; font-weight: inherit; font-stretch: inherit; font-size: inherit; line-height: inherit; font-family: inherit; vertical-align: baseline;">Diutamakan dari program studi Manajemen SDM, Hukum, atau Psikologi</li><li style="margin: 0.5em 0px; padding: 0px; border: 0px; font-style: inherit; font-variant: inherit; font-weight: inherit; font-stretch: inherit; font-size: inherit; line-height: inherit; font-family: inherit; vertical-align: baseline;">Berasal dari perguruan tinggi yang terakreditasi minimal B</li><li style="margin: 0.5em 0px; padding: 0px; border: 0px; font-style: inherit; font-variant: inherit; font-weight: inherit; font-stretch: inherit; font-size: inherit; line-height: inherit; font-family: inherit; vertical-align: baseline;">IPK minimal 2.75 Skala 4.00</li><li style="margin: 0.5em 0px; padding: 0px; border: 0px; font-style: inherit; font-variant: inherit; font-weight: inherit; font-stretch: inherit; font-size: inherit; line-height: inherit; font-family: inherit; vertical-align: baseline;">Usia : Belum berulang tahun yang ke 27 pada tanggal 31 Desember 2017</li><li style="margin: 0.5em 0px; padding: 0px; border: 0px; font-style: inherit; font-variant: inherit; font-weight: inherit; font-stretch: inherit; font-size: inherit; line-height: inherit; font-family: inherit; vertical-align: baseline;">Belum menikah</li><li style="margin: 0.5em 0px; padding: 0px; border: 0px; font-style: inherit; font-variant: inherit; font-weight: inherit; font-stretch: inherit; font-size: inherit; line-height: inherit; font-family: inherit; vertical-align: baseline;">Bukan merupakan Anak, Saudara Kandung, Saudara Ipar dari Karyawan Aktif BPJS Ketenagakerjaan</li><li style="margin: 0.5em 0px; padding: 0px; border: 0px; font-style: inherit; font-variant: inherit; font-weight: inherit; font-stretch: inherit; font-size: inherit; line-height: inherit; font-family: inherit; vertical-align: baseline;">Mahir dalam mengoperasikan aplikasi komputer terutama MS Office dan MS Excel</li><li style="margin: 0.5em 0px; padding: 0px; border: 0px; font-style: inherit; font-variant: inherit; font-weight: inherit; font-stretch: inherit; font-size: inherit; line-height: inherit; font-family: inherit; vertical-align: baseline;">Memiliki kemampuan komunikasi yang baik</li><li style="margin: 0.5em 0px; padding: 0px; border: 0px; font-style: inherit; font-variant: inherit; font-weight: inherit; font-stretch: inherit; font-size: inherit; line-height: inherit; font-family: inherit; vertical-align: baseline;">Memiliki interpersonal skill yang baik</li><li style="margin: 0.5em 0px; padding: 0px; border: 0px; font-style: inherit; font-variant: inherit; font-weight: inherit; font-stretch: inherit; font-size: inherit; line-height: inherit; font-family: inherit; vertical-align: baseline;">Pengalaman kerja pada job title sejenis merupakan nilai tambah</li><li style="margin: 0.5em 0px; padding: 0px; border: 0px; font-style: inherit; font-variant: inherit; font-weight: inherit; font-stretch: inherit; font-size: inherit; line-height: inherit; font-family: inherit; vertical-align: baseline;">Memiliki SIM A dan C yang masih berlaku merupakan nilai tambah</li><li style="margin: 0.5em 0px; padding: 0px; border: 0px; font-style: inherit; font-variant: inherit; font-weight: inherit; font-stretch: inherit; font-size: inherit; line-height: inherit; font-family: inherit; vertical-align: baseline;">Bersedia ditempatkan di seluruh wilayah kerja BPJS Ketenagakerjaan</li><li style="margin: 0.5em 0px; padding: 0px; border: 0px; font-style: inherit; font-variant: inherit; font-weight: inherit; font-stretch: inherit; font-size: inherit; line-height: inherit; font-family: inherit; vertical-align: baseline;">Bersedia menjalani ikatan kerja selama 2 tahun masa kerja pertama</li><li style="margin: 0.5em 0px; padding: 0px; border: 0px; font-style: inherit; font-variant: inherit; font-weight: inherit; font-stretch: inherit; font-size: inherit; line-height: inherit; font-family: inherit; vertical-align: baseline;">Bersedia tidak menikah selama 1 tahun pertama masa ikatan kerja</li></ul><ol style="margin: 0.5em 0em 0.5em 2em; padding: 0px; border: 0px; font-variant-numeric: inherit; font-stretch: inherit; font-size: 16px; line-height: inherit; font-family: Roboto, Arial, sans-serif; vertical-align: baseline; list-style-position: outside; list-style-image: initial; color: rgb(68, 68, 68); background-color: rgb(255, 255, 255);"></ol><br style="margin: 0px; padding: 0px; color: rgb(68, 68, 68); font-family: Roboto, Arial, sans-serif; font-size: 16px; background-color: rgb(255, 255, 255);"><br style="margin: 0px; padding: 0px; color: rgb(68, 68, 68); font-family: Roboto, Arial, sans-serif; font-size: 16px; background-color: rgb(255, 255, 255);"><h4 style="margin: 0px 0px 0.6em; padding: 0px; border: 0px; font-variant-numeric: inherit; font-stretch: inherit; font-size: 16px; line-height: normal; font-family: Roboto, Arial, sans-serif; vertical-align: baseline; text-transform: uppercase; color: rgb(68, 68, 68); background-color: rgb(255, 255, 255);">&nbsp;PENGAWAS DAN PEMERIKSA (WAS)</h4><span style="color: rgb(68, 68, 68); font-family: Roboto, Arial, sans-serif; font-size: 16px; background-color: rgb(255, 255, 255);">Tugas dan Tanggung Jawab</span><br style="margin: 0px; padding: 0px; color: rgb(68, 68, 68); font-family: Roboto, Arial, sans-serif; font-size: 16px; background-color: rgb(255, 255, 255);"><ul style="margin: 0.5em 0em 0.5em 2em; padding: 0px; border: 0px; font-variant-numeric: inherit; font-stretch: inherit; font-size: 16px; line-height: 1.4em; font-family: Roboto, Arial, sans-serif; vertical-align: baseline; list-style-position: outside; list-style-image: initial; color: rgb(68, 68, 68); background-color: rgb(255, 255, 255);"><li style="margin: 0.5em 0px; padding: 0px; border: 0px; font-style: inherit; font-variant: inherit; font-weight: inherit; font-stretch: inherit; font-size: inherit; line-height: inherit; font-family: inherit; vertical-align: baseline;">Menyusun program kerja dan strategi Pengawasan dan Pemeriksaan.</li><li style="margin: 0.5em 0px; padding: 0px; border: 0px; font-style: inherit; font-variant: inherit; font-weight: inherit; font-stretch: inherit; font-size: inherit; line-height: inherit; font-family: inherit; vertical-align: baseline;">Melakukan sosialiasi pengawasan dan pemeriksaan atas kepatuhan dalam penyelenggaraan program Jaminan Sosial Ketenagakerjaan kepada Peserta, Calon Peserta dan Stakeholders.</li><li style="margin: 0.5em 0px; padding: 0px; border: 0px; font-style: inherit; font-variant: inherit; font-weight: inherit; font-stretch: inherit; font-size: inherit; line-height: inherit; font-family: inherit; vertical-align: baseline;">Melakukan kegiatan proses pengawasan dan pemeriksaan untuk menjamin kepatuhan Perusahaan dalam mendaftarkan pekerjanya ke dalam program Jaminan Sosial Ketenagakerjaan.</li><li style="margin: 0.5em 0px; padding: 0px; border: 0px; font-style: inherit; font-variant: inherit; font-weight: inherit; font-stretch: inherit; font-size: inherit; line-height: inherit; font-family: inherit; vertical-align: baseline;">Membangun dan membina hubungan kerjasama dengan Pemerintah Daerah dan Instansi Penegak Hukum dalam kaitannya dengan kegiatan pengawasan dan pemeriksaan serta pengenaan sanksi terhadap Perusahaan.</li><li style="margin: 0.5em 0px; padding: 0px; border: 0px; font-style: inherit; font-variant: inherit; font-weight: inherit; font-stretch: inherit; font-size: inherit; line-height: inherit; font-family: inherit; vertical-align: baseline;">Memberikan sanksi berupa sanksi teguran, denda dan menerbitkan usulan sanksi administratif yang diatur dalam peraturan perundang.</li><li style="margin: 0.5em 0px; padding: 0px; border: 0px; font-style: inherit; font-variant: inherit; font-weight: inherit; font-stretch: inherit; font-size: inherit; line-height: inherit; font-family: inherit; vertical-align: baseline;">Melakukan verifikasi dan validasi atas data ketidakpatuhan Peserta dan Calon Peserta.</li><li style="margin: 0.5em 0px; padding: 0px; border: 0px; font-style: inherit; font-variant: inherit; font-weight: inherit; font-stretch: inherit; font-size: inherit; line-height: inherit; font-family: inherit; vertical-align: baseline;">Melakukan analisa terhadap data ketidakpatuhan Peserta dan Calon Peserta.</li><li style="margin: 0.5em 0px; padding: 0px; border: 0px; font-style: inherit; font-variant: inherit; font-weight: inherit; font-stretch: inherit; font-size: inherit; line-height: inherit; font-family: inherit; vertical-align: baseline;">Menyusun laporan kegiatan pengawasan dan pemeriksaan.</li></ul><br style="margin: 0px; padding: 0px; color: rgb(68, 68, 68); font-family: Roboto, Arial, sans-serif; font-size: 16px; background-color: rgb(255, 255, 255);"><span style="color: rgb(68, 68, 68); font-family: Roboto, Arial, sans-serif; font-size: 16px; background-color: rgb(255, 255, 255);">Persyaratan</span><br style="margin: 0px; padding: 0px; color: rgb(68, 68, 68); font-family: Roboto, Arial, sans-serif; font-size: 16px; background-color: rgb(255, 255, 255);"><ul style="margin: 0.5em 0em 0.5em 2em; padding: 0px; border: 0px; font-variant-numeric: inherit; font-stretch: inherit; font-size: 16px; line-height: 1.4em; font-family: Roboto, Arial, sans-serif; vertical-align: baseline; list-style-position: outside; list-style-image: initial; color: rgb(68, 68, 68); background-color: rgb(255, 255, 255);"><li style="margin: 0.5em 0px; padding: 0px; border: 0px; font-style: inherit; font-variant: inherit; font-weight: inherit; font-stretch: inherit; font-size: inherit; line-height: inherit; font-family: inherit; vertical-align: baseline;">Pendidikan minimal S1</li><li style="margin: 0.5em 0px; padding: 0px; border: 0px; font-style: inherit; font-variant: inherit; font-weight: inherit; font-stretch: inherit; font-size: inherit; line-height: inherit; font-family: inherit; vertical-align: baseline;">Diutamakan dari program studi Hukum dan Administrasi Negara, atau program studi lain yang relevan</li><li style="margin: 0.5em 0px; padding: 0px; border: 0px; font-style: inherit; font-variant: inherit; font-weight: inherit; font-stretch: inherit; font-size: inherit; line-height: inherit; font-family: inherit; vertical-align: baseline;">Berasal dari perguruan tinggi yang terakreditasi minimal B</li><li style="margin: 0.5em 0px; padding: 0px; border: 0px; font-style: inherit; font-variant: inherit; font-weight: inherit; font-stretch: inherit; font-size: inherit; line-height: inherit; font-family: inherit; vertical-align: baseline;">IPK minimal 2.75 Skala 4.00</li><li style="margin: 0.5em 0px; padding: 0px; border: 0px; font-style: inherit; font-variant: inherit; font-weight: inherit; font-stretch: inherit; font-size: inherit; line-height: inherit; font-family: inherit; vertical-align: baseline;">Usia : Belum berulang tahun yang ke 27 pada tanggal 31 Desember 2017</li><li style="margin: 0.5em 0px; padding: 0px; border: 0px; font-style: inherit; font-variant: inherit; font-weight: inherit; font-stretch: inherit; font-size: inherit; line-height: inherit; font-family: inherit; vertical-align: baseline;">Belum menikah</li><li style="margin: 0.5em 0px; padding: 0px; border: 0px; font-style: inherit; font-variant: inherit; font-weight: inherit; font-stretch: inherit; font-size: inherit; line-height: inherit; font-family: inherit; vertical-align: baseline;">Berpenampilan menarik</li><li style="margin: 0.5em 0px; padding: 0px; border: 0px; font-style: inherit; font-variant: inherit; font-weight: inherit; font-stretch: inherit; font-size: inherit; line-height: inherit; font-family: inherit; vertical-align: baseline;">Bukan merupakan Anak, Saudara Kandung, Saudara Ipar dari Karyawan Aktif BPJS Ketenagakerjaan</li><li style="margin: 0.5em 0px; padding: 0px; border: 0px; font-style: inherit; font-variant: inherit; font-weight: inherit; font-stretch: inherit; font-size: inherit; line-height: inherit; font-family: inherit; vertical-align: baseline;">Tinggi badan minimal :</li><ul style="margin: 0.5em 0em 0.5em 2em; padding: 0px; border: 0px; font-style: inherit; font-variant: inherit; font-weight: inherit; font-stretch: inherit; font-size: inherit; line-height: 1.4em; font-family: inherit; vertical-align: baseline; list-style: disc outside;"><li style="margin: 0.5em 0px; padding: 0px; border: 0px; font-style: inherit; font-variant: inherit; font-weight: inherit; font-stretch: inherit; font-size: inherit; line-height: inherit; font-family: inherit; vertical-align: baseline;">Pria 165 cm</li><li style="margin: 0.5em 0px; padding: 0px; border: 0px; font-style: inherit; font-variant: inherit; font-weight: inherit; font-stretch: inherit; font-size: inherit; line-height: inherit; font-family: inherit; vertical-align: baseline;">Wanita 155 cm</li><li style="margin: 0.5em 0px; padding: 0px; border: 0px; font-style: inherit; font-variant: inherit; font-weight: inherit; font-stretch: inherit; font-size: inherit; line-height: inherit; font-family: inherit; vertical-align: baseline;">Dengan berat badan proporsional</li></ul><li style="margin: 0.5em 0px; padding: 0px; border: 0px; font-style: inherit; font-variant: inherit; font-weight: inherit; font-stretch: inherit; font-size: inherit; line-height: inherit; font-family: inherit; vertical-align: baseline;">Memiliki kemampuan komunikasi yang baik dan jaringan yang luas</li><li style="margin: 0.5em 0px; padding: 0px; border: 0px; font-style: inherit; font-variant: inherit; font-weight: inherit; font-stretch: inherit; font-size: inherit; line-height: inherit; font-family: inherit; vertical-align: baseline;">Memiliki interpersonal skill yang baik</li><li style="margin: 0.5em 0px; padding: 0px; border: 0px; font-style: inherit; font-variant: inherit; font-weight: inherit; font-stretch: inherit; font-size: inherit; line-height: inherit; font-family: inherit; vertical-align: baseline;">Memiliki Kemampuan bernegosiasi</li><li style="margin: 0.5em 0px; padding: 0px; border: 0px; font-style: inherit; font-variant: inherit; font-weight: inherit; font-stretch: inherit; font-size: inherit; line-height: inherit; font-family: inherit; vertical-align: baseline;">Memiliki passion dalam bidang hukum</li><li style="margin: 0.5em 0px; padding: 0px; border: 0px; font-style: inherit; font-variant: inherit; font-weight: inherit; font-stretch: inherit; font-size: inherit; line-height: inherit; font-family: inherit; vertical-align: baseline;">Memiliki SIM A dan C yang masih berlaku merupakan nilai tambah</li><li style="margin: 0.5em 0px; padding: 0px; border: 0px; font-style: inherit; font-variant: inherit; font-weight: inherit; font-stretch: inherit; font-size: inherit; line-height: inherit; font-family: inherit; vertical-align: baseline;">Kemampuan berbahasa Inggris dan Mandarin merupakan nilai tambah</li><li style="margin: 0.5em 0px; padding: 0px; border: 0px; font-style: inherit; font-variant: inherit; font-weight: inherit; font-stretch: inherit; font-size: inherit; line-height: inherit; font-family: inherit; vertical-align: baseline;">Mahir dalam mengoperasikan aplikasi komputer terutama MS Office dan MS Excel</li><li style="margin: 0.5em 0px; padding: 0px; border: 0px; font-style: inherit; font-variant: inherit; font-weight: inherit; font-stretch: inherit; font-size: inherit; line-height: inherit; font-family: inherit; vertical-align: baseline;">Bersedia ditempatkan di seluruh wilayah kerja BPJS Ketenagakerjaan</li><li style="margin: 0.5em 0px; padding: 0px; border: 0px; font-style: inherit; font-variant: inherit; font-weight: inherit; font-stretch: inherit; font-size: inherit; line-height: inherit; font-family: inherit; vertical-align: baseline;">Bersedia menjalani ikatan kerja selama 2 tahun masa kerja pertama</li><li style="margin: 0.5em 0px; padding: 0px; border: 0px; font-style: inherit; font-variant: inherit; font-weight: inherit; font-stretch: inherit; font-size: inherit; line-height: inherit; font-family: inherit; vertical-align: baseline;">Bersedia tidak menikah selama 1 tahun pertama masa ikatan kerja</li></ul><br style="margin: 0px; padding: 0px; color: rgb(68, 68, 68); font-family: Roboto, Arial, sans-serif; font-size: 16px; background-color: rgb(255, 255, 255);"><br style="margin: 0px; padding: 0px; color: rgb(68, 68, 68); font-family: Roboto, Arial, sans-serif; font-size: 16px; background-color: rgb(255, 255, 255);"><h4 style="margin: 0px 0px 0.6em; padding: 0px; border: 0px; font-variant-numeric: inherit; font-stretch: inherit; font-size: 16px; line-height: normal; font-family: Roboto, Arial, sans-serif; vertical-align: baseline; text-transform: uppercase; color: rgb(68, 68, 68); background-color: rgb(255, 255, 255);">&nbsp;PENATA MADYA UMUM (PMU)</h4><span style="color: rgb(68, 68, 68); font-family: Roboto, Arial, sans-serif; font-size: 16px; background-color: rgb(255, 255, 255);">Tugas dan Tanggung Jawab</span><br style="margin: 0px; padding: 0px; color: rgb(68, 68, 68); font-family: Roboto, Arial, sans-serif; font-size: 16px; background-color: rgb(255, 255, 255);"><ul style="margin: 0.5em 0em 0.5em 2em; padding: 0px; border: 0px; font-variant-numeric: inherit; font-stretch: inherit; font-size: 16px; line-height: 1.4em; font-family: Roboto, Arial, sans-serif; vertical-align: baseline; list-style-position: outside; list-style-image: initial; color: rgb(68, 68, 68); background-color: rgb(255, 255, 255);"><li style="margin: 0.5em 0px; padding: 0px; border: 0px; font-style: inherit; font-variant: inherit; font-weight: inherit; font-stretch: inherit; font-size: inherit; line-height: inherit; font-family: inherit; vertical-align: baseline;">Melakukan kegiatan pengelolaan aset</li><li style="margin: 0.5em 0px; padding: 0px; border: 0px; font-style: inherit; font-variant: inherit; font-weight: inherit; font-stretch: inherit; font-size: inherit; line-height: inherit; font-family: inherit; vertical-align: baseline;">Melakukan kegiatan penyediaan barang dan jasa</li><li style="margin: 0.5em 0px; padding: 0px; border: 0px; font-style: inherit; font-variant: inherit; font-weight: inherit; font-stretch: inherit; font-size: inherit; line-height: inherit; font-family: inherit; vertical-align: baseline;">Melakukan pemeliharaan sarana dan prasarana</li><li style="margin: 0.5em 0px; padding: 0px; border: 0px; font-style: inherit; font-variant: inherit; font-weight: inherit; font-stretch: inherit; font-size: inherit; line-height: inherit; font-family: inherit; vertical-align: baseline;">Melakukan kegiatan pengelolaan arsip</li></ul><br style="margin: 0px; padding: 0px; color: rgb(68, 68, 68); font-family: Roboto, Arial, sans-serif; font-size: 16px; background-color: rgb(255, 255, 255);"><span style="color: rgb(68, 68, 68); font-family: Roboto, Arial, sans-serif; font-size: 16px; background-color: rgb(255, 255, 255);">Persyaratan</span><br style="margin: 0px; padding: 0px; color: rgb(68, 68, 68); font-family: Roboto, Arial, sans-serif; font-size: 16px; background-color: rgb(255, 255, 255);"><ul style="margin: 0.5em 0em 0.5em 2em; padding: 0px; border: 0px; font-variant-numeric: inherit; font-stretch: inherit; font-size: 16px; line-height: 1.4em; font-family: Roboto, Arial, sans-serif; vertical-align: baseline; list-style-position: outside; list-style-image: initial; color: rgb(68, 68, 68); background-color: rgb(255, 255, 255);"><li style="margin: 0.5em 0px; padding: 0px; border: 0px; font-style: inherit; font-variant: inherit; font-weight: inherit; font-stretch: inherit; font-size: inherit; line-height: inherit; font-family: inherit; vertical-align: baseline;">Pendidikan minimal D3 Seluruh Jurusan</li><li style="margin: 0.5em 0px; padding: 0px; border: 0px; font-style: inherit; font-variant: inherit; font-weight: inherit; font-stretch: inherit; font-size: inherit; line-height: inherit; font-family: inherit; vertical-align: baseline;">Berasal dari perguruan tinggi yang terakreditasi minimal B</li><li style="margin: 0.5em 0px; padding: 0px; border: 0px; font-style: inherit; font-variant: inherit; font-weight: inherit; font-stretch: inherit; font-size: inherit; line-height: inherit; font-family: inherit; vertical-align: baseline;">IPK minimal 2.75 Skala 4.00</li><li style="margin: 0.5em 0px; padding: 0px; border: 0px; font-style: inherit; font-variant: inherit; font-weight: inherit; font-stretch: inherit; font-size: inherit; line-height: inherit; font-family: inherit; vertical-align: baseline;">Usia : Belum berulang tahun yang ke 25 pada tanggal 31 Desember 2017</li><li style="margin: 0.5em 0px; padding: 0px; border: 0px; font-style: inherit; font-variant: inherit; font-weight: inherit; font-stretch: inherit; font-size: inherit; line-height: inherit; font-family: inherit; vertical-align: baseline;">Belum menikah</li><li style="margin: 0.5em 0px; padding: 0px; border: 0px; font-style: inherit; font-variant: inherit; font-weight: inherit; font-stretch: inherit; font-size: inherit; line-height: inherit; font-family: inherit; vertical-align: baseline;">Bukan merupakan Anak, Saudara Kandung, Saudara Ipar dari Karyawan Aktif BPJS Ketenagakerjaan</li><li style="margin: 0.5em 0px; padding: 0px; border: 0px; font-style: inherit; font-variant: inherit; font-weight: inherit; font-stretch: inherit; font-size: inherit; line-height: inherit; font-family: inherit; vertical-align: baseline;">Mahir dalam mengoperasikan aplikasi komputer terutama MS Office dan MS Excel</li><li style="margin: 0.5em 0px; padding: 0px; border: 0px; font-style: inherit; font-variant: inherit; font-weight: inherit; font-stretch: inherit; font-size: inherit; line-height: inherit; font-family: inherit; vertical-align: baseline;">Memiliki Kemampuan Komunikasi yang baik</li><li style="margin: 0.5em 0px; padding: 0px; border: 0px; font-style: inherit; font-variant: inherit; font-weight: inherit; font-stretch: inherit; font-size: inherit; line-height: inherit; font-family: inherit; vertical-align: baseline;">Memiliki Kemampuan bernegosiasi</li><li style="margin: 0.5em 0px; padding: 0px; border: 0px; font-style: inherit; font-variant: inherit; font-weight: inherit; font-stretch: inherit; font-size: inherit; line-height: inherit; font-family: inherit; vertical-align: baseline;">Pengalaman kerja pada job title sejenis merupakan nilai tambah</li><li style="margin: 0.5em 0px; padding: 0px; border: 0px; font-style: inherit; font-variant: inherit; font-weight: inherit; font-stretch: inherit; font-size: inherit; line-height: inherit; font-family: inherit; vertical-align: baseline;">Memiliki SIM A dan C yang masih berlaku merupakan nilai tambah</li><li style="margin: 0.5em 0px; padding: 0px; border: 0px; font-style: inherit; font-variant: inherit; font-weight: inherit; font-stretch: inherit; font-size: inherit; line-height: inherit; font-family: inherit; vertical-align: baseline;">Bersedia ditempatkan di seluruh wilayah kerja BPJS Ketenagakerjaan</li><li style="margin: 0.5em 0px; padding: 0px; border: 0px; font-style: inherit; font-variant: inherit; font-weight: inherit; font-stretch: inherit; font-size: inherit; line-height: inherit; font-family: inherit; vertical-align: baseline;">Bersedia menjalani ikatan kerja selama 2 tahun masa kerja pertama</li><li style="margin: 0.5em 0px; padding: 0px; border: 0px; font-style: inherit; font-variant: inherit; font-weight: inherit; font-stretch: inherit; font-size: inherit; line-height: inherit; font-family: inherit; vertical-align: baseline;">Bersedia tidak menikah selama 1 tahun pertama masa ikatan kerja</li></ul><br style="margin: 0px; padding: 0px; color: rgb(68, 68, 68); font-family: Roboto, Arial, sans-serif; font-size: 16px; background-color: rgb(255, 255, 255);"><br style="margin: 0px; padding: 0px; color: rgb(68, 68, 68); font-family: Roboto, Arial, sans-serif; font-size: 16px; background-color: rgb(255, 255, 255);"><h4 style="margin: 0px 0px 0.6em; padding: 0px; border: 0px; font-variant-numeric: inherit; font-stretch: inherit; font-size: 16px; line-height: normal; font-family: Roboto, Arial, sans-serif; vertical-align: baseline; text-transform: uppercase; color: rgb(68, 68, 68); background-color: rgb(255, 255, 255);">&nbsp;PELAYANAN DAN PEMASARAN (PEP)</h4><span style="color: rgb(68, 68, 68); font-family: Roboto, Arial, sans-serif; font-size: 16px; background-color: rgb(255, 255, 255);">Tugas dan Tanggung Jawab</span><br style="margin: 0px; padding: 0px; color: rgb(68, 68, 68); font-family: Roboto, Arial, sans-serif; font-size: 16px; background-color: rgb(255, 255, 255);"><ul style="margin: 0.5em 0em 0.5em 2em; padding: 0px; border: 0px; font-variant-numeric: inherit; font-stretch: inherit; font-size: 16px; line-height: 1.4em; font-family: Roboto, Arial, sans-serif; vertical-align: baseline; list-style-position: outside; list-style-image: initial; color: rgb(68, 68, 68); background-color: rgb(255, 255, 255);"><li style="margin: 0.5em 0px; padding: 0px; border: 0px; font-style: inherit; font-variant: inherit; font-weight: inherit; font-stretch: inherit; font-size: inherit; line-height: inherit; font-family: inherit; vertical-align: baseline;">Melakukan kegiatan analisa potensi pasar</li><li style="margin: 0.5em 0px; padding: 0px; border: 0px; font-style: inherit; font-variant: inherit; font-weight: inherit; font-stretch: inherit; font-size: inherit; line-height: inherit; font-family: inherit; vertical-align: baseline;">Melakukan kegiatan Sales &amp; Marketing program BPJS Ketenagakerjaan</li><li style="margin: 0.5em 0px; padding: 0px; border: 0px; font-style: inherit; font-variant: inherit; font-weight: inherit; font-stretch: inherit; font-size: inherit; line-height: inherit; font-family: inherit; vertical-align: baseline;">Melakukan sosialiasi program BPJS Ketenagakerjaan</li><li style="margin: 0.5em 0px; padding: 0px; border: 0px; font-style: inherit; font-variant: inherit; font-weight: inherit; font-stretch: inherit; font-size: inherit; line-height: inherit; font-family: inherit; vertical-align: baseline;">Membina hubungan dengan perusahaan dan peserta program BPJS Ketenagakerjaan</li><li style="margin: 0.5em 0px; padding: 0px; border: 0px; font-style: inherit; font-variant: inherit; font-weight: inherit; font-stretch: inherit; font-size: inherit; line-height: inherit; font-family: inherit; vertical-align: baseline;">Memberikan informasi dan layanan terkait dengan program BPJS Ketenagakerjaan</li><li style="margin: 0.5em 0px; padding: 0px; border: 0px; font-style: inherit; font-variant: inherit; font-weight: inherit; font-stretch: inherit; font-size: inherit; line-height: inherit; font-family: inherit; vertical-align: baseline;">Melakukan verifikasi dokumen pengajuan klaim</li><li style="margin: 0.5em 0px; padding: 0px; border: 0px; font-style: inherit; font-variant: inherit; font-weight: inherit; font-stretch: inherit; font-size: inherit; line-height: inherit; font-family: inherit; vertical-align: baseline;">Melakukan pengecekan atas pengajuan klaim</li><li style="margin: 0.5em 0px; padding: 0px; border: 0px; font-style: inherit; font-variant: inherit; font-weight: inherit; font-stretch: inherit; font-size: inherit; line-height: inherit; font-family: inherit; vertical-align: baseline;">Melakukan perhitungan dan penetapan klaim</li><li style="margin: 0.5em 0px; padding: 0px; border: 0px; font-style: inherit; font-variant: inherit; font-weight: inherit; font-stretch: inherit; font-size: inherit; line-height: inherit; font-family: inherit; vertical-align: baseline;">Mengelola administrasi dokumen peserta</li><li style="margin: 0.5em 0px; padding: 0px; border: 0px; font-style: inherit; font-variant: inherit; font-weight: inherit; font-stretch: inherit; font-size: inherit; line-height: inherit; font-family: inherit; vertical-align: baseline;">Membina hubungan dengan penyedia jasa kesehatan</li></ul><br style="margin: 0px; padding: 0px; color: rgb(68, 68, 68); font-family: Roboto, Arial, sans-serif; font-size: 16px; background-color: rgb(255, 255, 255);"><span style="color: rgb(68, 68, 68); font-family: Roboto, Arial, sans-serif; font-size: 16px; background-color: rgb(255, 255, 255);">Persyaratan</span><br style="margin: 0px; padding: 0px; color: rgb(68, 68, 68); font-family: Roboto, Arial, sans-serif; font-size: 16px; background-color: rgb(255, 255, 255);"><ul style="margin: 0.5em 0em 0.5em 2em; padding: 0px; border: 0px; font-variant-numeric: inherit; font-stretch: inherit; font-size: 16px; line-height: 1.4em; font-family: Roboto, Arial, sans-serif; vertical-align: baseline; list-style-position: outside; list-style-image: initial; color: rgb(68, 68, 68); background-color: rgb(255, 255, 255);"><li style="margin: 0.5em 0px; padding: 0px; border: 0px; font-style: inherit; font-variant: inherit; font-weight: inherit; font-stretch: inherit; font-size: inherit; line-height: inherit; font-family: inherit; vertical-align: baseline;">Pendidikan minimal S1 seluruh Jurusan</li><li style="margin: 0.5em 0px; padding: 0px; border: 0px; font-style: inherit; font-variant: inherit; font-weight: inherit; font-stretch: inherit; font-size: inherit; line-height: inherit; font-family: inherit; vertical-align: baseline;">Berasal dari perguruan tinggi yang terakreditasi minimal B</li><li style="margin: 0.5em 0px; padding: 0px; border: 0px; font-style: inherit; font-variant: inherit; font-weight: inherit; font-stretch: inherit; font-size: inherit; line-height: inherit; font-family: inherit; vertical-align: baseline;">IPK minimal 2.75 Skala 4.00</li><li style="margin: 0.5em 0px; padding: 0px; border: 0px; font-style: inherit; font-variant: inherit; font-weight: inherit; font-stretch: inherit; font-size: inherit; line-height: inherit; font-family: inherit; vertical-align: baseline;">Diutamakan memiliki pengalaman kerja pada bidang pemasaran atau pelayanan</li><li style="margin: 0.5em 0px; padding: 0px; border: 0px; font-style: inherit; font-variant: inherit; font-weight: inherit; font-stretch: inherit; font-size: inherit; line-height: inherit; font-family: inherit; vertical-align: baseline;">Usia : Belum berulang tahun yang ke 27 pada tanggal 31 Desember 2017</li><li style="margin: 0.5em 0px; padding: 0px; border: 0px; font-style: inherit; font-variant: inherit; font-weight: inherit; font-stretch: inherit; font-size: inherit; line-height: inherit; font-family: inherit; vertical-align: baseline;">Belum menikah</li><li style="margin: 0.5em 0px; padding: 0px; border: 0px; font-style: inherit; font-variant: inherit; font-weight: inherit; font-stretch: inherit; font-size: inherit; line-height: inherit; font-family: inherit; vertical-align: baseline;">Berpenampilan menarik</li><li style="margin: 0.5em 0px; padding: 0px; border: 0px; font-style: inherit; font-variant: inherit; font-weight: inherit; font-stretch: inherit; font-size: inherit; line-height: inherit; font-family: inherit; vertical-align: baseline;">Bukan merupakan Anak, Saudara Kandung, Saudara Ipar dari Karyawan Aktif BPJS Ketenagakerjaan</li><li style="margin: 0.5em 0px; padding: 0px; border: 0px; font-style: inherit; font-variant: inherit; font-weight: inherit; font-stretch: inherit; font-size: inherit; line-height: inherit; font-family: inherit; vertical-align: baseline;">Tinggi badan minimal :</li><ul style="margin: 0.5em 0em 0.5em 2em; padding: 0px; border: 0px; font-style: inherit; font-variant: inherit; font-weight: inherit; font-stretch: inherit; font-size: inherit; line-height: 1.4em; font-family: inherit; vertical-align: baseline; list-style: disc outside;"><li style="margin: 0.5em 0px; padding: 0px; border: 0px; font-style: inherit; font-variant: inherit; font-weight: inherit; font-stretch: inherit; font-size: inherit; line-height: inherit; font-family: inherit; vertical-align: baseline;">Pria 165 cm</li><li style="margin: 0.5em 0px; padding: 0px; border: 0px; font-style: inherit; font-variant: inherit; font-weight: inherit; font-stretch: inherit; font-size: inherit; line-height: inherit; font-family: inherit; vertical-align: baseline;">Wanita 155 cm</li><li style="margin: 0.5em 0px; padding: 0px; border: 0px; font-style: inherit; font-variant: inherit; font-weight: inherit; font-stretch: inherit; font-size: inherit; line-height: inherit; font-family: inherit; vertical-align: baseline;">Dengan berat badan proporsional</li></ul><li style="margin: 0.5em 0px; padding: 0px; border: 0px; font-style: inherit; font-variant: inherit; font-weight: inherit; font-stretch: inherit; font-size: inherit; line-height: inherit; font-family: inherit; vertical-align: baseline;">Memiliki kemampuan komunikasi yang baik dan jaringan yang luas</li><li style="margin: 0.5em 0px; padding: 0px; border: 0px; font-style: inherit; font-variant: inherit; font-weight: inherit; font-stretch: inherit; font-size: inherit; line-height: inherit; font-family: inherit; vertical-align: baseline;">Memiliki interpersonal skill yang baik</li><li style="margin: 0.5em 0px; padding: 0px; border: 0px; font-style: inherit; font-variant: inherit; font-weight: inherit; font-stretch: inherit; font-size: inherit; line-height: inherit; font-family: inherit; vertical-align: baseline;">Memiliki Kemampuan bernegosiasi</li><li style="margin: 0.5em 0px; padding: 0px; border: 0px; font-style: inherit; font-variant: inherit; font-weight: inherit; font-stretch: inherit; font-size: inherit; line-height: inherit; font-family: inherit; vertical-align: baseline;">Memiliki passion dalam sales &amp; marketing</li><li style="margin: 0.5em 0px; padding: 0px; border: 0px; font-style: inherit; font-variant: inherit; font-weight: inherit; font-stretch: inherit; font-size: inherit; line-height: inherit; font-family: inherit; vertical-align: baseline;">Memiliki SIM A dan C yang masih berlaku merupakan nilai tambah</li><li style="margin: 0.5em 0px; padding: 0px; border: 0px; font-style: inherit; font-variant: inherit; font-weight: inherit; font-stretch: inherit; font-size: inherit; line-height: inherit; font-family: inherit; vertical-align: baseline;">Kemampuan berbahasa Inggris dan Mandarin merupakan nilai tambah</li><li style="margin: 0.5em 0px; padding: 0px; border: 0px; font-style: inherit; font-variant: inherit; font-weight: inherit; font-stretch: inherit; font-size: inherit; line-height: inherit; font-family: inherit; vertical-align: baseline;">Mahir dalam mengoperasikan aplikasi komputer terutama MS Office dan MS Excel</li><li style="margin: 0.5em 0px; padding: 0px; border: 0px; font-style: inherit; font-variant: inherit; font-weight: inherit; font-stretch: inherit; font-size: inherit; line-height: inherit; font-family: inherit; vertical-align: baseline;">Bersedia ditempatkan di seluruh wilayah kerja BPJS Ketenagakerjaan</li><li style="margin: 0.5em 0px; padding: 0px; border: 0px; font-style: inherit; font-variant: inherit; font-weight: inherit; font-stretch: inherit; font-size: inherit; line-height: inherit; font-family: inherit; vertical-align: baseline;">Bersedia menjalani ikatan kerja selama 2 tahun masa kerja pertama</li><li style="margin: 0.5em 0px; padding: 0px; border: 0px; font-style: inherit; font-variant: inherit; font-weight: inherit; font-stretch: inherit; font-size: inherit; line-height: inherit; font-family: inherit; vertical-align: baseline;">Bersedia tidak menikah selama 1 tahun pertama masa ikatan kerja</li></ul><br style="margin: 0px; padding: 0px; color: rgb(68, 68, 68); font-family: Roboto, Arial, sans-serif; font-size: 16px; background-color: rgb(255, 255, 255);"><br style="margin: 0px; padding: 0px; color: rgb(68, 68, 68); font-family: Roboto, Arial, sans-serif; font-size: 16px; background-color: rgb(255, 255, 255);"><h4 style="margin: 0px 0px 0.6em; padding: 0px; border: 0px; font-variant-numeric: inherit; font-stretch: inherit; font-size: 16px; line-height: normal; font-family: Roboto, Arial, sans-serif; vertical-align: baseline; text-transform: uppercase; color: rgb(68, 68, 68); background-color: rgb(255, 255, 255);">&nbsp;PENATA MADYA KEARSIPAN (SIP)</h4><span style="color: rgb(68, 68, 68); font-family: Roboto, Arial, sans-serif; font-size: 16px; background-color: rgb(255, 255, 255);">Tugas dan Tanggung Jawab</span><br style="margin: 0px; padding: 0px; color: rgb(68, 68, 68); font-family: Roboto, Arial, sans-serif; font-size: 16px; background-color: rgb(255, 255, 255);"><ul style="margin: 0.5em 0em 0.5em 2em; padding: 0px; border: 0px; font-variant-numeric: inherit; font-stretch: inherit; font-size: 16px; line-height: 1.4em; font-family: Roboto, Arial, sans-serif; vertical-align: baseline; list-style-position: outside; list-style-image: initial; color: rgb(68, 68, 68); background-color: rgb(255, 255, 255);"><li style="margin: 0.5em 0px; padding: 0px; border: 0px; font-style: inherit; font-variant: inherit; font-weight: inherit; font-stretch: inherit; font-size: inherit; line-height: inherit; font-family: inherit; vertical-align: baseline;">Memastikan dan mengkoordinasikan kegiatan penyerahan dokumen arsip in aktif dari unit kerja kepada Kearsipan sesuai Pedoman Administrasi Umum</li><li style="margin: 0.5em 0px; padding: 0px; border: 0px; font-style: inherit; font-variant: inherit; font-weight: inherit; font-stretch: inherit; font-size: inherit; line-height: inherit; font-family: inherit; vertical-align: baseline;">Melaksanakan kegiatan pengelolaan arsip dengan cara melaksanakan tata usaha persuratan, mencatat dan menyimpan dokumen/surat, dan mendistribusikan surat masuk/keluar</li><li style="margin: 0.5em 0px; padding: 0px; border: 0px; font-style: inherit; font-variant: inherit; font-weight: inherit; font-stretch: inherit; font-size: inherit; line-height: inherit; font-family: inherit; vertical-align: baseline;">Mengkoordininasikan pelaksanaan hubungan komunikasi dan korespondensi dengan pihak internal maupun eksternal BPJS Ketenagakerjaan terhadap mekanisme sistem kearsipan</li><li style="margin: 0.5em 0px; padding: 0px; border: 0px; font-style: inherit; font-variant: inherit; font-weight: inherit; font-stretch: inherit; font-size: inherit; line-height: inherit; font-family: inherit; vertical-align: baseline;">Mengkoordinasikan pelaksanaan kegiatan penyusutan (pemindahan dan pemusnahan) arsip in aktif dari seluruh unit kerja</li></ul><br style="margin: 0px; padding: 0px; color: rgb(68, 68, 68); font-family: Roboto, Arial, sans-serif; font-size: 16px; background-color: rgb(255, 255, 255);"><span style="color: rgb(68, 68, 68); font-family: Roboto, Arial, sans-serif; font-size: 16px; background-color: rgb(255, 255, 255);">Persyaratan</span><br style="margin: 0px; padding: 0px; color: rgb(68, 68, 68); font-family: Roboto, Arial, sans-serif; font-size: 16px; background-color: rgb(255, 255, 255);"><ul style="margin: 0.5em 0em 0.5em 2em; padding: 0px; border: 0px; font-variant-numeric: inherit; font-stretch: inherit; font-size: 16px; line-height: 1.4em; font-family: Roboto, Arial, sans-serif; vertical-align: baseline; list-style-position: outside; list-style-image: initial; color: rgb(68, 68, 68); background-color: rgb(255, 255, 255);"><li style="margin: 0.5em 0px; padding: 0px; border: 0px; font-style: inherit; font-variant: inherit; font-weight: inherit; font-stretch: inherit; font-size: inherit; line-height: inherit; font-family: inherit; vertical-align: baseline;">Pendidikan minimal D3</li><li style="margin: 0.5em 0px; padding: 0px; border: 0px; font-style: inherit; font-variant: inherit; font-weight: inherit; font-stretch: inherit; font-size: inherit; line-height: inherit; font-family: inherit; vertical-align: baseline;">Diutamakan dari program studi Kearsipan atau program studi lain yang relevan</li><li style="margin: 0.5em 0px; padding: 0px; border: 0px; font-style: inherit; font-variant: inherit; font-weight: inherit; font-stretch: inherit; font-size: inherit; line-height: inherit; font-family: inherit; vertical-align: baseline;">Berasal dari perguruan tinggi yang terakreditasi minimal B</li><li style="margin: 0.5em 0px; padding: 0px; border: 0px; font-style: inherit; font-variant: inherit; font-weight: inherit; font-stretch: inherit; font-size: inherit; line-height: inherit; font-family: inherit; vertical-align: baseline;">IPK minimal 2.75 Skala 4.00</li><li style="margin: 0.5em 0px; padding: 0px; border: 0px; font-style: inherit; font-variant: inherit; font-weight: inherit; font-stretch: inherit; font-size: inherit; line-height: inherit; font-family: inherit; vertical-align: baseline;">Usia : Belum berulang tahun yang ke 27 pada tanggal 31 Desember 2016</li><li style="margin: 0.5em 0px; padding: 0px; border: 0px; font-style: inherit; font-variant: inherit; font-weight: inherit; font-stretch: inherit; font-size: inherit; line-height: inherit; font-family: inherit; vertical-align: baseline;">Belum menikah</li><li style="margin: 0.5em 0px; padding: 0px; border: 0px; font-style: inherit; font-variant: inherit; font-weight: inherit; font-stretch: inherit; font-size: inherit; line-height: inherit; font-family: inherit; vertical-align: baseline;">Bukan merupakan Anak, Saudara Kandung, Saudara Ipar dari Karyawan Aktif BPJS Ketenagakerjaan</li><li style="margin: 0.5em 0px; padding: 0px; border: 0px; font-style: inherit; font-variant: inherit; font-weight: inherit; font-stretch: inherit; font-size: inherit; line-height: inherit; font-family: inherit; vertical-align: baseline;">Memiliki Kemampuan Komunikasi yang baik</li><li style="margin: 0.5em 0px; padding: 0px; border: 0px; font-style: inherit; font-variant: inherit; font-weight: inherit; font-stretch: inherit; font-size: inherit; line-height: inherit; font-family: inherit; vertical-align: baseline;">Memiliki ketelitian dan administrasi dokumen yang baik</li><li style="margin: 0.5em 0px; padding: 0px; border: 0px; font-style: inherit; font-variant: inherit; font-weight: inherit; font-stretch: inherit; font-size: inherit; line-height: inherit; font-family: inherit; vertical-align: baseline;">Mahir dalam mengoperasikan aplikasi komputer terutama MS Office dan MS Excel</li><li style="margin: 0.5em 0px; padding: 0px; border: 0px; font-style: inherit; font-variant: inherit; font-weight: inherit; font-stretch: inherit; font-size: inherit; line-height: inherit; font-family: inherit; vertical-align: baseline;">Pengalaman kerja pada job title sejenis merupakan nilai tambah</li><li style="margin: 0.5em 0px; padding: 0px; border: 0px; font-style: inherit; font-variant: inherit; font-weight: inherit; font-stretch: inherit; font-size: inherit; line-height: inherit; font-family: inherit; vertical-align: baseline;">Bersedia ditempatkan di seluruh wilayah kerja BPJS Ketenagakerjaan</li><li style="margin: 0.5em 0px; padding: 0px; border: 0px; font-style: inherit; font-variant: inherit; font-weight: inherit; font-stretch: inherit; font-size: inherit; line-height: inherit; font-family: inherit; vertical-align: baseline;">Bersedia menjalani ikatan kerja selama 2 tahun masa kerja pertama</li><li style="margin: 0.5em 0px; padding: 0px; border: 0px; font-style: inherit; font-variant: inherit; font-weight: inherit; font-stretch: inherit; font-size: inherit; line-height: inherit; font-family: inherit; vertical-align: baseline;">Bersedia tidak menikah selama 1 tahun pertama masa ikatan kerja</li></ul><br style="margin: 0px; padding: 0px; color: rgb(68, 68, 68); font-family: Roboto, Arial, sans-serif; font-size: 16px; background-color: rgb(255, 255, 255);"><br style="margin: 0px; padding: 0px; color: rgb(68, 68, 68); font-family: Roboto, Arial, sans-serif; font-size: 16px; background-color: rgb(255, 255, 255);"><h4 style="margin: 0px 0px 0.6em; padding: 0px; border: 0px; font-variant-numeric: inherit; font-stretch: inherit; font-size: 16px; line-height: normal; font-family: Roboto, Arial, sans-serif; vertical-align: baseline; text-transform: uppercase; color: rgb(68, 68, 68); background-color: rgb(255, 255, 255);">&nbsp;PENATA MADYA TI (PTI)</h4><span style="color: rgb(68, 68, 68); font-family: Roboto, Arial, sans-serif; font-size: 16px; background-color: rgb(255, 255, 255);">Tugas dan Tanggung Jawab</span><br style="margin: 0px; padding: 0px; color: rgb(68, 68, 68); font-family: Roboto, Arial, sans-serif; font-size: 16px; background-color: rgb(255, 255, 255);"><ul style="margin: 0.5em 0em 0.5em 2em; padding: 0px; border: 0px; font-variant-numeric: inherit; font-stretch: inherit; font-size: 16px; line-height: 1.4em; font-family: Roboto, Arial, sans-serif; vertical-align: baseline; list-style-position: outside; list-style-image: initial; color: rgb(68, 68, 68); background-color: rgb(255, 255, 255);"><li style="margin: 0.5em 0px; padding: 0px; border: 0px; font-style: inherit; font-variant: inherit; font-weight: inherit; font-stretch: inherit; font-size: inherit; line-height: inherit; font-family: inherit; vertical-align: baseline;">Melakukan maintenance hardware dan software</li><li style="margin: 0.5em 0px; padding: 0px; border: 0px; font-style: inherit; font-variant: inherit; font-weight: inherit; font-stretch: inherit; font-size: inherit; line-height: inherit; font-family: inherit; vertical-align: baseline;">Melakukan pengelolaan dan pengamanan database</li><li style="margin: 0.5em 0px; padding: 0px; border: 0px; font-style: inherit; font-variant: inherit; font-weight: inherit; font-stretch: inherit; font-size: inherit; line-height: inherit; font-family: inherit; vertical-align: baseline;">Menyelesaikan permasalahan terkait hardware, software dan database</li></ul><br style="margin: 0px; padding: 0px; color: rgb(68, 68, 68); font-family: Roboto, Arial, sans-serif; font-size: 16px; background-color: rgb(255, 255, 255);"><span style="color: rgb(68, 68, 68); font-family: Roboto, Arial, sans-serif; font-size: 16px; background-color: rgb(255, 255, 255);">Persyaratan</span><br style="margin: 0px; padding: 0px; color: rgb(68, 68, 68); font-family: Roboto, Arial, sans-serif; font-size: 16px; background-color: rgb(255, 255, 255);"><ul style="margin: 0.5em 0em 0.5em 2em; padding: 0px; border: 0px; font-variant-numeric: inherit; font-stretch: inherit; font-size: 16px; line-height: 1.4em; font-family: Roboto, Arial, sans-serif; vertical-align: baseline; list-style-position: outside; list-style-image: initial; color: rgb(68, 68, 68); background-color: rgb(255, 255, 255);"><li style="margin: 0.5em 0px; padding: 0px; border: 0px; font-style: inherit; font-variant: inherit; font-weight: inherit; font-stretch: inherit; font-size: inherit; line-height: inherit; font-family: inherit; vertical-align: baseline;">Pendidikan minimal S1</li><li style="margin: 0.5em 0px; padding: 0px; border: 0px; font-style: inherit; font-variant: inherit; font-weight: inherit; font-stretch: inherit; font-size: inherit; line-height: inherit; font-family: inherit; vertical-align: baseline;">Diutamakan dari program studi Teknik Informatika, Manajemen Informatika, atau program studi lain yang relevan</li><li style="margin: 0.5em 0px; padding: 0px; border: 0px; font-style: inherit; font-variant: inherit; font-weight: inherit; font-stretch: inherit; font-size: inherit; line-height: inherit; font-family: inherit; vertical-align: baseline;">Berasal dari perguruan tinggi yang terakreditasi minimal B</li><li style="margin: 0.5em 0px; padding: 0px; border: 0px; font-style: inherit; font-variant: inherit; font-weight: inherit; font-stretch: inherit; font-size: inherit; line-height: inherit; font-family: inherit; vertical-align: baseline;">IPK minimal 2.75 Skala 4.00</li><li style="margin: 0.5em 0px; padding: 0px; border: 0px; font-style: inherit; font-variant: inherit; font-weight: inherit; font-stretch: inherit; font-size: inherit; line-height: inherit; font-family: inherit; vertical-align: baseline;">Usia : Belum berulang tahun yang ke 27 pada tanggal 31 Desember 2017</li><li style="margin: 0.5em 0px; padding: 0px; border: 0px; font-style: inherit; font-variant: inherit; font-weight: inherit; font-stretch: inherit; font-size: inherit; line-height: inherit; font-family: inherit; vertical-align: baseline;">Belum menikah</li><li style="margin: 0.5em 0px; padding: 0px; border: 0px; font-style: inherit; font-variant: inherit; font-weight: inherit; font-stretch: inherit; font-size: inherit; line-height: inherit; font-family: inherit; vertical-align: baseline;">Bukan merupakan Anak, Saudara Kandung, Saudara Ipar dari Karyawan Aktif BPJS Ketenagakerjaan</li><li style="margin: 0.5em 0px; padding: 0px; border: 0px; font-style: inherit; font-variant: inherit; font-weight: inherit; font-stretch: inherit; font-size: inherit; line-height: inherit; font-family: inherit; vertical-align: baseline;">Mahir dalam mengoperasikan aplikasi komputer terutama MS Office dan MS Excel</li><li style="margin: 0.5em 0px; padding: 0px; border: 0px; font-style: inherit; font-variant: inherit; font-weight: inherit; font-stretch: inherit; font-size: inherit; line-height: inherit; font-family: inherit; vertical-align: baseline;">Memahami bahasa pemrograman SQL Database</li><li style="margin: 0.5em 0px; padding: 0px; border: 0px; font-style: inherit; font-variant: inherit; font-weight: inherit; font-stretch: inherit; font-size: inherit; line-height: inherit; font-family: inherit; vertical-align: baseline;">Memahami troubleshooting terkait hardware dan software</li><li style="margin: 0.5em 0px; padding: 0px; border: 0px; font-style: inherit; font-variant: inherit; font-weight: inherit; font-stretch: inherit; font-size: inherit; line-height: inherit; font-family: inherit; vertical-align: baseline;">Pengalaman kerja pada job title sejenis merupakan nilai tambah</li><li style="margin: 0.5em 0px; padding: 0px; border: 0px; font-style: inherit; font-variant: inherit; font-weight: inherit; font-stretch: inherit; font-size: inherit; line-height: inherit; font-family: inherit; vertical-align: baseline;">Bersedia ditempatkan di seluruh wilayah kerja BPJS Ketenagakerjaan</li><li style="margin: 0.5em 0px; padding: 0px; border: 0px; font-style: inherit; font-variant: inherit; font-weight: inherit; font-stretch: inherit; font-size: inherit; line-height: inherit; font-family: inherit; vertical-align: baseline;">Bersedia menjalani ikatan kerja selama 2 tahun masa kerja pertama</li><li style="margin: 0.5em 0px; padding: 0px; border: 0px; font-style: inherit; font-variant: inherit; font-weight: inherit; font-stretch: inherit; font-size: inherit; line-height: inherit; font-family: inherit; vertical-align: baseline;">Bersedia tidak menikah selama 1 tahun pertama masa ikatan kerja</li></ul><br style="margin: 0px; padding: 0px; color: rgb(68, 68, 68); font-family: Roboto, Arial, sans-serif; font-size: 16px; background-color: rgb(255, 255, 255);"><br style="margin: 0px; padding: 0px; color: rgb(68, 68, 68); font-family: Roboto, Arial, sans-serif; font-size: 16px; background-color: rgb(255, 255, 255);"><h4 style="margin: 0px 0px 0.6em; padding: 0px; border: 0px; font-variant-numeric: inherit; font-stretch: inherit; font-size: 16px; line-height: normal; font-family: Roboto, Arial, sans-serif; vertical-align: baseline; text-transform: uppercase; color: rgb(68, 68, 68); background-color: rgb(255, 255, 255);">&nbsp;PENATA MADYA KEUANGAN (KEU)</h4><span style="color: rgb(68, 68, 68); font-family: Roboto, Arial, sans-serif; font-size: 16px; background-color: rgb(255, 255, 255);">Tugas dan Tanggung Jawab</span><br style="margin: 0px; padding: 0px; color: rgb(68, 68, 68); font-family: Roboto, Arial, sans-serif; font-size: 16px; background-color: rgb(255, 255, 255);"><ul style="margin: 0.5em 0em 0.5em 2em; padding: 0px; border: 0px; font-variant-numeric: inherit; font-stretch: inherit; font-size: 16px; line-height: 1.4em; font-family: Roboto, Arial, sans-serif; vertical-align: baseline; list-style-position: outside; list-style-image: initial; color: rgb(68, 68, 68); background-color: rgb(255, 255, 255);"><li style="margin: 0.5em 0px; padding: 0px; border: 0px; font-style: inherit; font-variant: inherit; font-weight: inherit; font-stretch: inherit; font-size: inherit; line-height: inherit; font-family: inherit; vertical-align: baseline;">Melakukan pencatatan keuangan</li><li style="margin: 0.5em 0px; padding: 0px; border: 0px; font-style: inherit; font-variant: inherit; font-weight: inherit; font-stretch: inherit; font-size: inherit; line-height: inherit; font-family: inherit; vertical-align: baseline;">Melakukan perhitungan kewajiban perpajakan</li><li style="margin: 0.5em 0px; padding: 0px; border: 0px; font-style: inherit; font-variant: inherit; font-weight: inherit; font-stretch: inherit; font-size: inherit; line-height: inherit; font-family: inherit; vertical-align: baseline;">Menyelesaikan pembayaran klaim peserta</li><li style="margin: 0.5em 0px; padding: 0px; border: 0px; font-style: inherit; font-variant: inherit; font-weight: inherit; font-stretch: inherit; font-size: inherit; line-height: inherit; font-family: inherit; vertical-align: baseline;">Membuat laporan keuangan</li></ul><br style="margin: 0px; padding: 0px; color: rgb(68, 68, 68); font-family: Roboto, Arial, sans-serif; font-size: 16px; background-color: rgb(255, 255, 255);"><span style="color: rgb(68, 68, 68); font-family: Roboto, Arial, sans-serif; font-size: 16px; background-color: rgb(255, 255, 255);">Persyaratan</span><br style="margin: 0px; padding: 0px; color: rgb(68, 68, 68); font-family: Roboto, Arial, sans-serif; font-size: 16px; background-color: rgb(255, 255, 255);"><ul style="margin: 0.5em 0em 0.5em 2em; padding: 0px; border: 0px; font-variant-numeric: inherit; font-stretch: inherit; font-size: 16px; line-height: 1.4em; font-family: Roboto, Arial, sans-serif; vertical-align: baseline; list-style-position: outside; list-style-image: initial; color: rgb(68, 68, 68); background-color: rgb(255, 255, 255);"><li style="margin: 0.5em 0px; padding: 0px; border: 0px; font-style: inherit; font-variant: inherit; font-weight: inherit; font-stretch: inherit; font-size: inherit; line-height: inherit; font-family: inherit; vertical-align: baseline;">Pendidikan minimal S1</li><li style="margin: 0.5em 0px; padding: 0px; border: 0px; font-style: inherit; font-variant: inherit; font-weight: inherit; font-stretch: inherit; font-size: inherit; line-height: inherit; font-family: inherit; vertical-align: baseline;">Diutamakan dari program studi Akuntansi, Keuangan, atau program studi lain yang relevan</li><li style="margin: 0.5em 0px; padding: 0px; border: 0px; font-style: inherit; font-variant: inherit; font-weight: inherit; font-stretch: inherit; font-size: inherit; line-height: inherit; font-family: inherit; vertical-align: baseline;">Berasal dari perguruan tinggi yang terakreditasi minimal B</li><li style="margin: 0.5em 0px; padding: 0px; border: 0px; font-style: inherit; font-variant: inherit; font-weight: inherit; font-stretch: inherit; font-size: inherit; line-height: inherit; font-family: inherit; vertical-align: baseline;">IPK minimal 2.75 Skala 4.00</li><li style="margin: 0.5em 0px; padding: 0px; border: 0px; font-style: inherit; font-variant: inherit; font-weight: inherit; font-stretch: inherit; font-size: inherit; line-height: inherit; font-family: inherit; vertical-align: baseline;">Usia : Belum berulang tahun yang ke 27 pada tanggal 31 Desember 2017</li><li style="margin: 0.5em 0px; padding: 0px; border: 0px; font-style: inherit; font-variant: inherit; font-weight: inherit; font-stretch: inherit; font-size: inherit; line-height: inherit; font-family: inherit; vertical-align: baseline;">Belum menikah</li><li style="margin: 0.5em 0px; padding: 0px; border: 0px; font-style: inherit; font-variant: inherit; font-weight: inherit; font-stretch: inherit; font-size: inherit; line-height: inherit; font-family: inherit; vertical-align: baseline;">Bukan merupakan Anak, Saudara Kandung, Saudara Ipar dari Karyawan Aktif BPJS Ketenagakerjaan</li><li style="margin: 0.5em 0px; padding: 0px; border: 0px; font-style: inherit; font-variant: inherit; font-weight: inherit; font-stretch: inherit; font-size: inherit; line-height: inherit; font-family: inherit; vertical-align: baseline;">Mengetahui instrumen pelaporan keuangan</li><li style="margin: 0.5em 0px; padding: 0px; border: 0px; font-style: inherit; font-variant: inherit; font-weight: inherit; font-stretch: inherit; font-size: inherit; line-height: inherit; font-family: inherit; vertical-align: baseline;">Mampu menyusun laporan keuangan</li><li style="margin: 0.5em 0px; padding: 0px; border: 0px; font-style: inherit; font-variant: inherit; font-weight: inherit; font-stretch: inherit; font-size: inherit; line-height: inherit; font-family: inherit; vertical-align: baseline;">Mengetahui perhitungan perpajakan (PPh 21)</li><li style="margin: 0.5em 0px; padding: 0px; border: 0px; font-style: inherit; font-variant: inherit; font-weight: inherit; font-stretch: inherit; font-size: inherit; line-height: inherit; font-family: inherit; vertical-align: baseline;">Mengetahui jenis intrument investasi</li><li style="margin: 0.5em 0px; padding: 0px; border: 0px; font-style: inherit; font-variant: inherit; font-weight: inherit; font-stretch: inherit; font-size: inherit; line-height: inherit; font-family: inherit; vertical-align: baseline;">Mampu memonitor realisasi penggunaan anggaran</li><li style="margin: 0.5em 0px; padding: 0px; border: 0px; font-style: inherit; font-variant: inherit; font-weight: inherit; font-stretch: inherit; font-size: inherit; line-height: inherit; font-family: inherit; vertical-align: baseline;">Mampu membuat dan menganalisa BPOP (Biaya Operasional dan Pendapatan Operasional)</li><li style="margin: 0.5em 0px; padding: 0px; border: 0px; font-style: inherit; font-variant: inherit; font-weight: inherit; font-stretch: inherit; font-size: inherit; line-height: inherit; font-family: inherit; vertical-align: baseline;">Mahir dalam mengoperasikan aplikasi komputer terutama MS Office dan MS Excel</li><li style="margin: 0.5em 0px; padding: 0px; border: 0px; font-style: inherit; font-variant: inherit; font-weight: inherit; font-stretch: inherit; font-size: inherit; line-height: inherit; font-family: inherit; vertical-align: baseline;">Pengalaman kerja pada job title sejenis merupakan nilai tambah</li><li style="margin: 0.5em 0px; padding: 0px; border: 0px; font-style: inherit; font-variant: inherit; font-weight: inherit; font-stretch: inherit; font-size: inherit; line-height: inherit; font-family: inherit; vertical-align: baseline;">Bersedia ditempatkan di seluruh wilayah kerja BPJS Ketenagakerjaan</li><li style="margin: 0.5em 0px; padding: 0px; border: 0px; font-style: inherit; font-variant: inherit; font-weight: inherit; font-stretch: inherit; font-size: inherit; line-height: inherit; font-family: inherit; vertical-align: baseline;">Bersedia menjalani ikatan kerja selama 2 tahun masa kerja pertama</li><li style="margin: 0.5em 0px; padding: 0px; border: 0px; font-style: inherit; font-variant: inherit; font-weight: inherit; font-stretch: inherit; font-size: inherit; line-height: inherit; font-family: inherit; vertical-align: baseline;">Bersedia tidak menikah selama 1 tahun pertama masa ikatan kerja</li></ul><br style="margin: 0px; padding: 0px; color: rgb(68, 68, 68); font-family: Roboto, Arial, sans-serif; font-size: 16px; background-color: rgb(255, 255, 255);"><br style="margin: 0px; padding: 0px; color: rgb(68, 68, 68); font-family: Roboto, Arial, sans-serif; font-size: 16px; background-color: rgb(255, 255, 255);"><h4 style="margin: 0px 0px 0.6em; padding: 0px; border: 0px; font-variant-numeric: inherit; font-stretch: inherit; font-size: 16px; line-height: normal; font-family: Roboto, Arial, sans-serif; vertical-align: baseline; text-transform: uppercase; color: rgb(68, 68, 68); background-color: rgb(255, 255, 255);">&nbsp;PENATA MADYA ADMINISTRASI PEMASARAN (PAP)</h4><span style="color: rgb(68, 68, 68); font-family: Roboto, Arial, sans-serif; font-size: 16px; background-color: rgb(255, 255, 255);">Tugas dan Tanggung Jawab</span><br style="margin: 0px; padding: 0px; color: rgb(68, 68, 68); font-family: Roboto, Arial, sans-serif; font-size: 16px; background-color: rgb(255, 255, 255);"><ul style="margin: 0.5em 0em 0.5em 2em; padding: 0px; border: 0px; font-variant-numeric: inherit; font-stretch: inherit; font-size: 16px; line-height: 1.4em; font-family: Roboto, Arial, sans-serif; vertical-align: baseline; list-style-position: outside; list-style-image: initial; color: rgb(68, 68, 68); background-color: rgb(255, 255, 255);"><li style="margin: 0.5em 0px; padding: 0px; border: 0px; font-style: inherit; font-variant: inherit; font-weight: inherit; font-stretch: inherit; font-size: inherit; line-height: inherit; font-family: inherit; vertical-align: baseline;">Memastikan dan mengkoordinasikan kegiatan penyerahan dokumen arsip in aktif dari unit kerja kepada Kearsipan sesuai Pedoman Administrasi Umum</li><li style="margin: 0.5em 0px; padding: 0px; border: 0px; font-style: inherit; font-variant: inherit; font-weight: inherit; font-stretch: inherit; font-size: inherit; line-height: inherit; font-family: inherit; vertical-align: baseline;">Melaksanakan kegiatan pengelolaan arsip dengan cara melaksanakan tata usaha persuratan, mencatat dan menyimpan dokumen/surat, dan mendistribusikan surat masuk/keluar</li><li style="margin: 0.5em 0px; padding: 0px; border: 0px; font-style: inherit; font-variant: inherit; font-weight: inherit; font-stretch: inherit; font-size: inherit; line-height: inherit; font-family: inherit; vertical-align: baseline;">Mengkoordininasikan pelaksanaan hubungan komunikasi dan korespondensi dengan pihak internal maupun eksternal BPJS Ketenagakerjaan terhadap mekanisme sistem kearsipan</li><li style="margin: 0.5em 0px; padding: 0px; border: 0px; font-style: inherit; font-variant: inherit; font-weight: inherit; font-stretch: inherit; font-size: inherit; line-height: inherit; font-family: inherit; vertical-align: baseline;">Mengkoordinasikan pelaksanaan kegiatan penyusutan (pemindahan dan pemusnahan) arsip in aktif', '2017-03-07', '2017-03-05', '2017-03-04', 1);
INSERT INTO `loker` (`idLoker`, `judulLoker`, `deskripsi`, `closingDate`, `tanggalUpload`, `tanggalEdit`, `idAdmin`) VALUES
(5, 'Lowongan Kerja di Bank Indonesia ( BI ) Terbaru 2017', '<h2 style="margin: 0px 0px 0.6em; padding: 0px; border: 0px; font-variant-numeric: inherit; font-stretch: inherit; line-height: normal; font-family: Roboto, Arial, sans-serif; vertical-align: baseline; text-transform: uppercase; color: rgb(68, 68, 68); background-color: rgb(255, 255, 255);"><font size="4">A. CONTACT CENTER (DEPARTEMEN KOMUNIKASI)</font></h2><ul style="margin: 0.5em 0em 0.5em 2em; padding: 0px; border: 0px; font-variant-numeric: inherit; font-stretch: inherit; font-size: 16px; line-height: 1.4em; font-family: Roboto, Arial, sans-serif; vertical-align: baseline; list-style-position: outside; list-style-image: initial; color: rgb(68, 68, 68); background-color: rgb(255, 255, 255);"><li style="margin: 0.5em 0px; padding: 0px; border: 0px; font-style: inherit; font-variant: inherit; font-weight: inherit; font-stretch: inherit; font-size: inherit; line-height: inherit; font-family: inherit; vertical-align: baseline;">19004 - Supervisor (Manajer)</li><li style="margin: 0.5em 0px; padding: 0px; border: 0px; font-style: inherit; font-variant: inherit; font-weight: inherit; font-stretch: inherit; font-size: inherit; line-height: inherit; font-family: inherit; vertical-align: baseline;">19005 - Team Leader (Asisten Manajer)</li><li style="margin: 0.5em 0px; padding: 0px; border: 0px; font-style: inherit; font-variant: inherit; font-weight: inherit; font-stretch: inherit; font-size: inherit; line-height: inherit; font-family: inherit; vertical-align: baseline;">19006 - Business Analyst (Asisten Manajer)</li><li style="margin: 0.5em 0px; padding: 0px; border: 0px; font-style: inherit; font-variant: inherit; font-weight: inherit; font-stretch: inherit; font-size: inherit; line-height: inherit; font-family: inherit; vertical-align: baseline;">19007 - Reporter and Junior Editor (Asisten Manajer)</li><li style="margin: 0.5em 0px; padding: 0px; border: 0px; font-style: inherit; font-variant: inherit; font-weight: inherit; font-stretch: inherit; font-size: inherit; line-height: inherit; font-family: inherit; vertical-align: baseline;">19008 - Quality Assurance (Staf)</li><li style="margin: 0.5em 0px; padding: 0px; border: 0px; font-style: inherit; font-variant: inherit; font-weight: inherit; font-stretch: inherit; font-size: inherit; line-height: inherit; font-family: inherit; vertical-align: baseline;">19009 - Workforce Management and Admin (Staf)</li><li style="margin: 0.5em 0px; padding: 0px; border: 0px; font-style: inherit; font-variant: inherit; font-weight: inherit; font-stretch: inherit; font-size: inherit; line-height: inherit; font-family: inherit; vertical-align: baseline;">19010 - Solver Agent (Staf)</li><li style="margin: 0.5em 0px; padding: 0px; border: 0px; font-style: inherit; font-variant: inherit; font-weight: inherit; font-stretch: inherit; font-size: inherit; line-height: inherit; font-family: inherit; vertical-align: baseline;">19011 - Document Controller (Staf)</li></ul><br style="margin: 0px; padding: 0px; color: rgb(68, 68, 68); font-family: Roboto, Arial, sans-serif; font-size: 16px; background-color: rgb(255, 255, 255);"><h4 style="margin: 0px 0px 0.6em; padding: 0px; border: 0px; font-variant-numeric: inherit; font-stretch: inherit; font-size: 16px; line-height: normal; font-family: Roboto, Arial, sans-serif; vertical-align: baseline; text-transform: uppercase; color: rgb(68, 68, 68); background-color: rgb(255, 255, 255);">&nbsp;B. INFORMATION SYSTEM (DEPARTEMEN PENGELOLAAN SISTEM INFORMASI &amp; PUSAT PROGRAM TRANSFORMASI BANK INDONESIA)</h4><ul style="margin: 0.5em 0em 0.5em 2em; padding: 0px; border: 0px; font-variant-numeric: inherit; font-stretch: inherit; font-size: 16px; line-height: 1.4em; font-family: Roboto, Arial, sans-serif; vertical-align: baseline; list-style-position: outside; list-style-image: initial; color: rgb(68, 68, 68); background-color: rgb(255, 255, 255);"><li style="margin: 0.5em 0px; padding: 0px; border: 0px; font-style: inherit; font-variant: inherit; font-weight: inherit; font-stretch: inherit; font-size: inherit; line-height: inherit; font-family: inherit; vertical-align: baseline;">19012 - Application Architect (Manajer) - DPSI</li><li style="margin: 0.5em 0px; padding: 0px; border: 0px; font-style: inherit; font-variant: inherit; font-weight: inherit; font-stretch: inherit; font-size: inherit; line-height: inherit; font-family: inherit; vertical-align: baseline;">19013 - Application Architect (Asisten Manajer) - DPSI</li><li style="margin: 0.5em 0px; padding: 0px; border: 0px; font-style: inherit; font-variant: inherit; font-weight: inherit; font-stretch: inherit; font-size: inherit; line-height: inherit; font-family: inherit; vertical-align: baseline;">19014 - Business Analyst (Manajer) - DPSI</li><li style="margin: 0.5em 0px; padding: 0px; border: 0px; font-style: inherit; font-variant: inherit; font-weight: inherit; font-stretch: inherit; font-size: inherit; line-height: inherit; font-family: inherit; vertical-align: baseline;">19015 - Business Analyst (Asisten Manajer) - DPSI</li><li style="margin: 0.5em 0px; padding: 0px; border: 0px; font-style: inherit; font-variant: inherit; font-weight: inherit; font-stretch: inherit; font-size: inherit; line-height: inherit; font-family: inherit; vertical-align: baseline;">19016 - Business Analyst (Asisten Manajer) - PPTBI</li><li style="margin: 0.5em 0px; padding: 0px; border: 0px; font-style: inherit; font-variant: inherit; font-weight: inherit; font-stretch: inherit; font-size: inherit; line-height: inherit; font-family: inherit; vertical-align: baseline;">19017 - Business Architect (Manajer) - DPSI</li><li style="margin: 0.5em 0px; padding: 0px; border: 0px; font-style: inherit; font-variant: inherit; font-weight: inherit; font-stretch: inherit; font-size: inherit; line-height: inherit; font-family: inherit; vertical-align: baseline;">19018 - Business Architect (Asisten Manajer) - DPSI</li><li style="margin: 0.5em 0px; padding: 0px; border: 0px; font-style: inherit; font-variant: inherit; font-weight: inherit; font-stretch: inherit; font-size: inherit; line-height: inherit; font-family: inherit; vertical-align: baseline;">19019 - Asset Management (Asisten Manajer) - DPSI</li><li style="margin: 0.5em 0px; padding: 0px; border: 0px; font-style: inherit; font-variant: inherit; font-weight: inherit; font-stretch: inherit; font-size: inherit; line-height: inherit; font-family: inherit; vertical-align: baseline;">19020 - Database Administrator (Asisten Manajer) - DPSI</li><li style="margin: 0.5em 0px; padding: 0px; border: 0px; font-style: inherit; font-variant: inherit; font-weight: inherit; font-stretch: inherit; font-size: inherit; line-height: inherit; font-family: inherit; vertical-align: baseline;">19021 - Implementor (Asisten Manajer) - PPTBI</li><li style="margin: 0.5em 0px; padding: 0px; border: 0px; font-style: inherit; font-variant: inherit; font-weight: inherit; font-stretch: inherit; font-size: inherit; line-height: inherit; font-family: inherit; vertical-align: baseline;">19022 - Information Architect (Asisten Manajer) - DPSI</li><li style="margin: 0.5em 0px; padding: 0px; border: 0px; font-style: inherit; font-variant: inherit; font-weight: inherit; font-stretch: inherit; font-size: inherit; line-height: inherit; font-family: inherit; vertical-align: baseline;">19023 - Infrastructure Engineer (Manajer) - DPSI</li><li style="margin: 0.5em 0px; padding: 0px; border: 0px; font-style: inherit; font-variant: inherit; font-weight: inherit; font-stretch: inherit; font-size: inherit; line-height: inherit; font-family: inherit; vertical-align: baseline;">19024 - Infrastructure Engineer (Asisten Manajer) - DPSI</li><li style="margin: 0.5em 0px; padding: 0px; border: 0px; font-style: inherit; font-variant: inherit; font-weight: inherit; font-stretch: inherit; font-size: inherit; line-height: inherit; font-family: inherit; vertical-align: baseline;">19025 - Lead Programmer (Manajer) - DPSI</li><li style="margin: 0.5em 0px; padding: 0px; border: 0px; font-style: inherit; font-variant: inherit; font-weight: inherit; font-stretch: inherit; font-size: inherit; line-height: inherit; font-family: inherit; vertical-align: baseline;">19026 - Programmer (Asisten Manajer) - DPSI</li><li style="margin: 0.5em 0px; padding: 0px; border: 0px; font-style: inherit; font-variant: inherit; font-weight: inherit; font-stretch: inherit; font-size: inherit; line-height: inherit; font-family: inherit; vertical-align: baseline;">19027 - Project Manager (Manajer) - DPSI</li><li style="margin: 0.5em 0px; padding: 0px; border: 0px; font-style: inherit; font-variant: inherit; font-weight: inherit; font-stretch: inherit; font-size: inherit; line-height: inherit; font-family: inherit; vertical-align: baseline;">19028 - Project Manager (Manajer) - PPTBI</li><li style="margin: 0.5em 0px; padding: 0px; border: 0px; font-style: inherit; font-variant: inherit; font-weight: inherit; font-stretch: inherit; font-size: inherit; line-height: inherit; font-family: inherit; vertical-align: baseline;">19029 - Project Manager (Asisten Manajer) - DPSI</li><li style="margin: 0.5em 0px; padding: 0px; border: 0px; font-style: inherit; font-variant: inherit; font-weight: inherit; font-stretch: inherit; font-size: inherit; line-height: inherit; font-family: inherit; vertical-align: baseline;">19030 - Quality Control (Asisten Manajer) - DPSI</li><li style="margin: 0.5em 0px; padding: 0px; border: 0px; font-style: inherit; font-variant: inherit; font-weight: inherit; font-stretch: inherit; font-size: inherit; line-height: inherit; font-family: inherit; vertical-align: baseline;">19031 - Quality Control (Asisten Manajer) - PPTBI</li><li style="margin: 0.5em 0px; padding: 0px; border: 0px; font-style: inherit; font-variant: inherit; font-weight: inherit; font-stretch: inherit; font-size: inherit; line-height: inherit; font-family: inherit; vertical-align: baseline;">19032 - System Analyst (Manajer) - DPSI</li><li style="margin: 0.5em 0px; padding: 0px; border: 0px; font-style: inherit; font-variant: inherit; font-weight: inherit; font-stretch: inherit; font-size: inherit; line-height: inherit; font-family: inherit; vertical-align: baseline;">19033 - System Analyst (Asisten Manajer) - DPSI</li><li style="margin: 0.5em 0px; padding: 0px; border: 0px; font-style: inherit; font-variant: inherit; font-weight: inherit; font-stretch: inherit; font-size: inherit; line-height: inherit; font-family: inherit; vertical-align: baseline;">19034 - Technology Architect (Manajer) - DPSI</li><li style="margin: 0.5em 0px; padding: 0px; border: 0px; font-style: inherit; font-variant: inherit; font-weight: inherit; font-stretch: inherit; font-size: inherit; line-height: inherit; font-family: inherit; vertical-align: baseline;">19035 - Technology Architect (Asisten Manajer) - DPSI</li></ul><br style="margin: 0px; padding: 0px; color: rgb(68, 68, 68); font-family: Roboto, Arial, sans-serif; font-size: 16px; background-color: rgb(255, 255, 255);"><span style="color: rgb(68, 68, 68); font-family: Roboto, Arial, sans-serif; font-size: 16px; background-color: rgb(255, 255, 255);">PERSYARATAN UMUM</span><br style="margin: 0px; padding: 0px; color: rgb(68, 68, 68); font-family: Roboto, Arial, sans-serif; font-size: 16px; background-color: rgb(255, 255, 255);"><ul style="margin: 0.5em 0em 0.5em 2em; padding: 0px; border: 0px; font-variant-numeric: inherit; font-stretch: inherit; font-size: 16px; line-height: 1.4em; font-family: Roboto, Arial, sans-serif; vertical-align: baseline; list-style-position: outside; list-style-image: initial; color: rgb(68, 68, 68); background-color: rgb(255, 255, 255);"><li style="margin: 0.5em 0px; padding: 0px; border: 0px; font-style: inherit; font-variant: inherit; font-weight: inherit; font-stretch: inherit; font-size: inherit; line-height: inherit; font-family: inherit; vertical-align: baseline;"><a href="http://www.bi.go.id/id/tentang-bi/bi-dan-publik/karir/Documents/Kualifikasi%20Tenaga%20Kerja%20PKWT%20Contact%20Center%20Bank%20Indonesia.pdf" rel="nofollow" target="_blank" style="margin: 0px; padding: 0px; border: 0px; font-style: inherit; font-variant: inherit; font-weight: inherit; font-stretch: inherit; font-size: inherit; line-height: inherit; font-family: inherit; vertical-align: baseline; color: rgb(0, 127, 255); text-decoration-line: none; outline: none; transition: all 0.25s;">Kualifikasi Tenaga Kerja PKWT Contact Center Bank Indonesia</a></li><li style="margin: 0.5em 0px; padding: 0px; border: 0px; font-style: inherit; font-variant: inherit; font-weight: inherit; font-stretch: inherit; font-size: inherit; line-height: inherit; font-family: inherit; vertical-align: baseline;"><a href="http://www.bi.go.id/id/tentang-bi/bi-dan-publik/karir/Documents/Kualifikasi%20Tenaga%20Kerja%20PKWT%20Information%20System%20Bank%20Indonesia%202017.pdf" rel="nofollow" target="_blank" style="margin: 0px; padding: 0px; border: 0px; font-style: inherit; font-variant: inherit; font-weight: inherit; font-stretch: inherit; font-size: inherit; line-height: inherit; font-family: inherit; vertical-align: baseline; color: rgb(0, 127, 255); text-decoration-line: none; outline: none; transition: all 0.25s;">Kualifikasi Tenaga Kerja PKWT Information System Bank Indonesia</a></li></ul><br style="margin: 0px; padding: 0px; color: rgb(68, 68, 68); font-family: Roboto, Arial, sans-serif; font-size: 16px; background-color: rgb(255, 255, 255);"><span style="color: rgb(68, 68, 68); font-family: Roboto, Arial, sans-serif; font-size: 16px; background-color: rgb(255, 255, 255);">PERSYARATAN LAINNYA</span><br style="margin: 0px; padding: 0px; color: rgb(68, 68, 68); font-family: Roboto, Arial, sans-serif; font-size: 16px; background-color: rgb(255, 255, 255);"><ol style="margin: 0.5em 0em 0.5em 2em; padding: 0px; border: 0px; font-variant-numeric: inherit; font-stretch: inherit; font-size: 16px; line-height: inherit; font-family: Roboto, Arial, sans-serif; vertical-align: baseline; list-style-position: outside; list-style-image: initial; color: rgb(68, 68, 68); background-color: rgb(255, 255, 255);"><li style="margin: 0.5em 0px; padding: 0px; border: 0px; font-style: inherit; font-variant: inherit; font-weight: inherit; font-stretch: inherit; font-size: inherit; line-height: inherit; font-family: inherit; vertical-align: baseline;">Bersedia ditempatkan di Kantor Pusat Bank Indonesia dengan jangka waktu kontrak  2 tahun;</li><li style="margin: 0.5em 0px; padding: 0px; border: 0px; font-style: inherit; font-variant: inherit; font-weight: inherit; font-stretch: inherit; font-size: inherit; line-height: inherit; font-family: inherit; vertical-align: baseline;">Tidak sedang menjalani ikatan dinas atau bersedia melepaskan ikatan dinas dengan institusi lain apabila diterima di Bank Indonesia.</li><li style="margin: 0.5em 0px; padding: 0px; border: 0px; font-style: inherit; font-variant: inherit; font-weight: inherit; font-stretch: inherit; font-size: inherit; line-height: inherit; font-family: inherit; vertical-align: baseline;">Tidak memiliki saudara kandung/suami/istri yang sedang bekerja sebagai calon pegawai/pegawai/ pihak lain (outsourcing dan tenaga kerja PKWT) di Bank Indonesia;</li></ol><br style="margin: 0px; padding: 0px; color: rgb(68, 68, 68); font-family: Roboto, Arial, sans-serif; font-size: 16px; background-color: rgb(255, 255, 255);"><span style="color: rgb(68, 68, 68); font-family: Roboto, Arial, sans-serif; font-size: 16px; background-color: rgb(255, 255, 255);">PEMBUKAAN LOWONGAN</span><br style="margin: 0px; padding: 0px; color: rgb(68, 68, 68); font-family: Roboto, Arial, sans-serif; font-size: 16px; background-color: rgb(255, 255, 255);"><span style="color: rgb(68, 68, 68); font-family: Roboto, Arial, sans-serif; font-size: 16px; background-color: rgb(255, 255, 255);">Senin 27 Februari 2017 (pukul 13.00 WIB) s.d Jumat 3 Maret 2017 (pukul 13.00 WIB)</span><br style="margin: 0px; padding: 0px; color: rgb(68, 68, 68); font-family: Roboto, Arial, sans-serif; font-size: 16px; background-color: rgb(255, 255, 255);"><br style="margin: 0px; padding: 0px; color: rgb(68, 68, 68); font-family: Roboto, Arial, sans-serif; font-size: 16px; background-color: rgb(255, 255, 255);"><span style="color: rgb(68, 68, 68); font-family: Roboto, Arial, sans-serif; font-size: 16px; background-color: rgb(255, 255, 255);">Bagi anda para pencari kerja yang tertarik untuk berkarir bersama Bank Indonesia dan memenuhi segala kebutuhan yang dipersyaratkan pada&nbsp;</span><b style="margin: 0px; padding: 0px; border: 0px; font-variant-numeric: inherit; font-stretch: inherit; font-size: 16px; line-height: inherit; font-family: Roboto, Arial, sans-serif; vertical-align: baseline; color: rgb(68, 68, 68); background-color: rgb(255, 255, 255);"><a href="http://www.openkerja.com/2015/10/lowongan-kerja-bank-indonesia-bi.html" target="_blank" style="margin: 0px; padding: 0px; border: 0px; font-style: inherit; font-variant: inherit; font-weight: inherit; font-stretch: inherit; font-size: inherit; line-height: inherit; font-family: inherit; vertical-align: baseline; color: rgb(0, 127, 255); text-decoration-line: none; outline: none; transition: all 0.25s;">Lowongan Kerja Bank Indonesia Terbaru</a></b><span style="color: rgb(68, 68, 68); font-family: Roboto, Arial, sans-serif; font-size: 16px; background-color: rgb(255, 255, 255);">&nbsp;bulan Maret 2017 diatas, maka silahkan siapkan berkas lamaran kerja lengkap seperti surat lamaran kerja, CV, foto terbaru serta dokumen pelengkap atau pendukung lainnya.</span><br style="margin: 0px; padding: 0px; color: rgb(68, 68, 68); font-family: Roboto, Arial, sans-serif; font-size: 16px; background-color: rgb(255, 255, 255);"><br style="margin: 0px; padding: 0px; color: rgb(68, 68, 68); font-family: Roboto, Arial, sans-serif; font-size: 16px; background-color: rgb(255, 255, 255);"><span style="color: rgb(68, 68, 68); font-family: Roboto, Arial, sans-serif; font-size: 16px; background-color: rgb(255, 255, 255);">Adapun tata cara yang telah ditetapkan dalam proses rekrutmen ini yaitu dengan melakukan pendaftaran dan penyampaian dokumen kelengkapan administrasi permohonan dilakukan dengan cara sebagai berikut:</span><br style="margin: 0px; padding: 0px; color: rgb(68, 68, 68); font-family: Roboto, Arial, sans-serif; font-size: 16px; background-color: rgb(255, 255, 255);"><br style="margin: 0px; padding: 0px; color: rgb(68, 68, 68); font-family: Roboto, Arial, sans-serif; font-size: 16px; background-color: rgb(255, 255, 255);"><div style="margin: 0px; padding: 0px; border: 0px; font-variant-numeric: inherit; font-stretch: inherit; font-size: 16px; line-height: inherit; font-family: Roboto, Arial, sans-serif; vertical-align: baseline; color: rgb(68, 68, 68); background-color: rgb(255, 255, 255); text-align: center;"><b style="margin: 0px; padding: 0px; border: 0px; font-style: inherit; font-variant: inherit; font-stretch: inherit; font-size: inherit; line-height: inherit; font-family: inherit; vertical-align: baseline;"><a href="http://www.bi.go.id/id/tentang-bi/bi-dan-publik/karir/contents/Default.aspx" rel="nofollow" target="_blank" style="margin: 0px; padding: 0px; border: 0px; font-style: inherit; font-variant: inherit; font-weight: inherit; font-stretch: inherit; font-size: inherit; line-height: inherit; font-family: inherit; vertical-align: baseline; color: rgb(0, 127, 255); text-decoration-line: none; outline: none; transition: all 0.25s;">PENDAFTARAN</a></b></div><br style="margin: 0px; padding: 0px; color: rgb(68, 68, 68); font-family: Roboto, Arial, sans-serif; font-size: 16px; background-color: rgb(255, 255, 255);"><span style="color: rgb(68, 68, 68); font-family: Roboto, Arial, sans-serif; font-size: 16px; background-color: rgb(255, 255, 255);">KETENTUAN PENGISIAN LAMARAN</span><br style="margin: 0px; padding: 0px; color: rgb(68, 68, 68); font-family: Roboto, Arial, sans-serif; font-size: 16px; background-color: rgb(255, 255, 255);"><ol style="margin: 0.5em 0em 0.5em 2em; padding: 0px; border: 0px; font-variant-numeric: inherit; font-stretch: inherit; font-size: 16px; line-height: inherit; font-family: Roboto, Arial, sans-serif; vertical-align: baseline; list-style-position: outside; list-style-image: initial; color: rgb(68, 68, 68); background-color: rgb(255, 255, 255);"><li style="margin: 0.5em 0px; padding: 0px; border: 0px; font-style: inherit; font-variant: inherit; font-weight: inherit; font-stretch: inherit; font-size: inherit; line-height: inherit; font-family: inherit; vertical-align: baseline;">Pendaftaran hanya dapat dilakukan melalui http://www.bi.go.id/id/tentang-bi/bi-dan-publik/karir. Panitia seleksi tidak menerima lamaran melalui pos atau media pengiriman lainnya.</li><li style="margin: 0.5em 0px; padding: 0px; border: 0px; font-style: inherit; font-variant: inherit; font-weight: inherit; font-stretch: inherit; font-size: inherit; line-height: inherit; font-family: inherit; vertical-align: baseline;">Pilih bidang/posisi yang dilamar, misalnya: 19005 - Team Leader;</li><li style="margin: 0.5em 0px; padding: 0px; border: 0px; font-style: inherit; font-variant: inherit; font-weight: inherit; font-stretch: inherit; font-size: inherit; line-height: inherit; font-family: inherit; vertical-align: baseline;">Dalam pengisian form ini, tidak perlu menyampaikan attachment CV dan cukup mengisi data pribadi secara benar dan lengkap;</li><li style="margin: 0.5em 0px; padding: 0px; border: 0px; font-style: inherit; font-variant: inherit; font-weight: inherit; font-stretch: inherit; font-size: inherit; line-height: inherit; font-family: inherit; vertical-align: baseline;">Setiap lamaran hanya mengisi 1 (satu) lamaran untuk 1 (satu) lowongan pekerjaan. Pelamar yang mengisi lebih dari 1 (satu) lowongan pekerjaan akan otomatis terhapus dari sistem.</li><li style="margin: 0.5em 0px; padding: 0px; border: 0px; font-style: inherit; font-variant: inherit; font-weight: inherit; font-stretch: inherit; font-size: inherit; line-height: inherit; font-family: inherit; vertical-align: baseline;">Bagi pelamar yang pernah mengisi data diri pada form CV online, diwajibkan untuk memperbarui lamaran dengan mengisi form sesuai jabatan yang dibuka;</li><li style="margin: 0.5em 0px; padding: 0px; border: 0px; font-style: inherit; font-variant: inherit; font-weight: inherit; font-stretch: inherit; font-size: inherit; line-height: inherit; font-family: inherit; vertical-align: baseline;">Hasil tiap tahapan seleksi akan diumumkan melalui email kepada seluruh peserta;</li><li style="margin: 0.5em 0px; padding: 0px; border: 0px; font-style: inherit; font-variant: inherit; font-weight: inherit; font-stretch: inherit; font-size: inherit; line-height: inherit; font-family: inherit; vertical-align: baseline;">Seleksi akan dilaksanakan di kota Jakarta. Biaya transportasi dan akomodasi menjadi tanggungan peserta seleksi;</li><li style="margin: 0.5em 0px; padding: 0px; border: 0px; font-style: inherit; font-variant: inherit; font-weight: inherit; font-stretch: inherit; font-size: inherit; line-height: inherit; font-family: inherit; vertical-align: baseline;">Hanya kandidat terbaik (shortlisted candidates) dengan mempertimbangkan aspek-aspek keseluruhan yang akan diproses ke tahap selanjutnya;</li><li style="margin: 0.5em 0px; padding: 0px; border: 0px; font-style: inherit; font-variant: inherit; font-weight: inherit; font-stretch: inherit; font-size: inherit; line-height: inherit; font-family: inherit; vertical-align: baseline;">Tidak dipungut biaya apapun dalam proses seleksi calon pegawai Bank Indonesia. Mohon berhati-hati terhadap penipuan, apabila ada pihak yang berusaha meminta biaya/menjanjikan sesuatu/menawarkan bantuan atas proses rekrutmen dan seleksi dapat melapor kepada Contact Center BICARA.</li><li style="margin: 0.5em 0px; padding: 0px; border: 0px; font-style: inherit; font-variant: inherit; font-weight: inherit; font-stretch: inherit; font-size: inherit; line-height: inherit; font-family: inherit; vertical-align: baseline;">Keputusan hasil seleksi merupakan wewenang Bank Indonesia yang bersifat mutlak dan final.</li></ol><br style="margin: 0px; padding: 0px; color: rgb(68, 68, 68); font-family: Roboto, Arial, sans-serif; font-size: 16px; background-color: rgb(255, 255, 255);"><span style="color: rgb(68, 68, 68); font-family: Roboto, Arial, sans-serif; font-size: 16px; background-color: rgb(255, 255, 255);">Informasi dan keterangan lebih lanjut dapat menghubungi:</span><br style="margin: 0px; padding: 0px; color: rgb(68, 68, 68); font-family: Roboto, Arial, sans-serif; font-size: 16px; background-color: rgb(255, 255, 255);"><span style="color: rgb(68, 68, 68); font-family: Roboto, Arial, sans-serif; font-size: 16px; background-color: rgb(255, 255, 255);">CONTACT CENTER BANK INDONESIA 131</span><br style="margin: 0px; padding: 0px; color: rgb(68, 68, 68); font-family: Roboto, Arial, sans-serif; font-size: 16px; background-color: rgb(255, 255, 255);"><br style="margin: 0px; padding: 0px; color: rgb(68, 68, 68); font-family: Roboto, Arial, sans-serif; font-size: 16px; background-color: rgb(255, 255, 255);"><span style="color: rgb(68, 68, 68); font-family: Roboto, Arial, sans-serif; font-size: 16px; background-color: rgb(255, 255, 255);">PERINGATAN! Hati-hati terhadap penipuan. Bank Indonesia tidak memungut biaya apapun selama proses seleksi.</span>', '2017-04-14', '2017-03-04', '0000-00-00', 1);

-- --------------------------------------------------------

--
-- Struktur dari tabel `materi`
--

CREATE TABLE IF NOT EXISTS `materi` (
  `materiID` int(11) NOT NULL AUTO_INCREMENT,
  `stafID` int(11) NOT NULL,
  `id_kejuruan` int(11) NOT NULL,
  `judulMateri` varchar(100) NOT NULL,
  `fileMateri` text NOT NULL,
  `deskripsi` varchar(255) NOT NULL,
  `uploaded` date NOT NULL,
  `extension` varchar(50) NOT NULL,
  `size` varchar(255) NOT NULL,
  PRIMARY KEY (`materiID`),
  KEY `userID` (`stafID`),
  KEY `id_kejuruan` (`id_kejuruan`)
) ENGINE=InnoDB  DEFAULT CHARSET=latin1 AUTO_INCREMENT=9 ;

--
-- Dumping data untuk tabel `materi`
--

INSERT INTO `materi` (`materiID`, `stafID`, `id_kejuruan`, `judulMateri`, `fileMateri`, `deskripsi`, `uploaded`, `extension`, `size`) VALUES
(2, 2, 6, 'Materi Awal Pertemuan Edit', 'http://localhost/project_blk/libs/materi/Materi_Awal_Pertemuan_Edit-(Nadia_Pratiwi-Teknik_Pendingin)-10-03-2017-225415.pdf', 'Materi Awal Pertemuan', '2017-03-10', 'pdf', '1907901'),
(3, 2, 6, 'Materi Kedua', 'http://localhost/project_blk/libs/materi/Materi_Kedua-(Nadia_Pratiwi-Teknik Pendingin)-10-03-2017-064600.pdf', 'Materi Kedua', '2017-03-10', 'pdf', '390639'),
(4, 2, 6, 'Materi Ketiga', 'http://localhost/project_blk/libs/materi/Materi_Ketiga-(Nadia_Pratiwi-Teknik Pendingin)-10-03-2017-231814.docx', 'Materi Ketiga', '2017-03-10', 'docx', '13380'),
(5, 1, 5, 'Materi Awal Pertemuan', 'http://localhost/project_blk/libs/materi/Materi_Awal_Pertemuan-(Muhamad_Adi_Fatahillah-Mesin Produksi)-11-03-2017-003954.pptx', 'Materi Awal Pertemuan', '2017-03-11', 'pptx', '603539'),
(6, 1, 5, 'coba', 'http://localhost/project_blk/libs/materi/coba-(Muhamad_Adi_Fatahillah-Mesin Produksi)-14-03-2017-091528.pptx', 'cobaa', '2017-03-14', 'pptx', '2855262'),
(7, 13, 6, '', 'http://localhost/project_blk/libs/materi/-(Bambang_Purnomo_Suyatin,_S.Pd-Las Listrik)-19-03-2017-051701.docx', '', '2017-03-19', 'docx', '15146'),
(8, 13, 6, 'coba', 'http://localhost/project_blk/libs/materi/coba-(Bambang_Purnomo_Suyatin,_S.Pd-Las Listrik)-19-03-2017-052238.docx', 'coba', '2017-03-19', 'docx', '15146');

-- --------------------------------------------------------

--
-- Struktur dari tabel `pendidikan`
--

CREATE TABLE IF NOT EXISTS `pendidikan` (
  `id_pendidikan` int(11) NOT NULL AUTO_INCREMENT,
  `nama` varchar(64) NOT NULL,
  `keterangan` varchar(255) DEFAULT NULL,
  PRIMARY KEY (`id_pendidikan`)
) ENGINE=InnoDB  DEFAULT CHARSET=utf8 AUTO_INCREMENT=15 ;

--
-- Dumping data untuk tabel `pendidikan`
--

INSERT INTO `pendidikan` (`id_pendidikan`, `nama`, `keterangan`) VALUES
(11, 'SMP', NULL),
(12, 'SMA', NULL),
(13, 'STM', NULL),
(14, 'SMK', NULL);

-- --------------------------------------------------------

--
-- Struktur dari tabel `peserta`
--

CREATE TABLE IF NOT EXISTS `peserta` (
  `id_peserta` int(11) NOT NULL AUTO_INCREMENT,
  `nama` varchar(100) NOT NULL,
  `id_kejuruan` int(11) NOT NULL,
  `nik` varchar(100) NOT NULL,
  `ttl` text NOT NULL,
  `jk` enum('pria','wanita') NOT NULL,
  `id_agama` int(11) NOT NULL,
  `skawin` enum('Menikah','Belum') NOT NULL,
  `id_pendidikan` int(11) NOT NULL,
  `alamat` varchar(50) NOT NULL,
  `telp` varchar(25) NOT NULL,
  `p_kursus` text,
  `p_kerja` text,
  `nama_ortu` varchar(50) NOT NULL,
  `pk_ortu` varchar(30) NOT NULL,
  `alamat_ortu` varchar(100) NOT NULL,
  `ijazah` varchar(450) NOT NULL,
  `ktp` varchar(450) NOT NULL,
  `tanggalDaftar` date NOT NULL,
  `status_peserta` enum('0','1') NOT NULL,
  PRIMARY KEY (`id_peserta`),
  KEY `id_kejuruan` (`id_kejuruan`),
  KEY `id_agama` (`id_agama`),
  KEY `id_pendidikan` (`id_pendidikan`)
) ENGINE=InnoDB  DEFAULT CHARSET=latin1 AUTO_INCREMENT=18 ;

--
-- Dumping data untuk tabel `peserta`
--

INSERT INTO `peserta` (`id_peserta`, `nama`, `id_kejuruan`, `nik`, `ttl`, `jk`, `id_agama`, `skawin`, `id_pendidikan`, `alamat`, `telp`, `p_kursus`, `p_kerja`, `nama_ortu`, `pk_ortu`, `alamat_ortu`, `ijazah`, `ktp`, `tanggalDaftar`, `status_peserta`) VALUES
(7, 'Ukhti Ali Maryam', 1, '122222111135133636', 'Tegal, 11 Januari 1997', 'wanita', 1, 'Belum', 12, 'Kota Tegal', '6756746546545', '', '', 'Untung', 'Buruh', 'Kota Tegal', 'http://localhost/project_blk/libs/ijazah/ijazah-user-12-03-2017-01-ukhti-ali-maryam.jpg', 'http://localhost/project_blk/libs/ktp/ktp-user-12-03-2017-01-ukhti-ali-maryam.JPG', '2017-03-12', '1'),
(11, 'Bejo Sarjono Prakasa', 6, '122222111135133636', 'Yogyakarta, 2017-02-25', 'pria', 1, 'Belum', 13, 'Yogyakarta', '6756746546545', '', '', 'Bejo', 'swasta', 'Yogyakarta', 'http://localhost/project_blk/libs/ijazah/ijazah-user-12-03-2017-06-bejo-sarjono-prakasa.jpg', 'http://localhost/project_blk/libs/ktp/ktp-user-12-03-2017-06-bejo-sarjono-prakasa.jpg', '2017-03-12', '1'),
(12, 'khuswatul nur fadhilah', 9, '12245666', '26 januari 1995', 'wanita', 1, 'Belum', 12, 'salaman', '085643538877', '', '', 'sumarmo', 'swasta', 'slaman', 'http://localhost/project_blk/libs/ijazah/ijazah-user-14-03-2017-09-khuswatul-nur-fadhilah.jpg', 'http://localhost/project_blk/libs/ktp/ktp-user-14-03-2017-09-khuswatul-nur-fadhilah.jpeg', '2017-03-14', '1'),
(13, 'yusuf nugroho putro', 5, '1235674884', 'magelang agustus 1994', 'pria', 1, 'Belum', 13, 'glagah', '899765677', '', '', 'yuuuu', 'hyuh', 'w34rrtt', 'http://localhost/project_blk/libs/ijazah/ijazah-user-14-03-2017-05-yusuf-nugroho-putro.png', 'http://localhost/project_blk/libs/ktp/ktp-user-14-03-2017-05-yusuf-nugroho-putro.png', '2017-03-14', '1'),
(14, 'pak sugeng', 1, '34444', 'magelang', 'pria', 1, 'Menikah', 12, 'magelang', '6774748', '', '', 'bapak', 'pns', 'magelang', 'http://localhost/project_blk/libs/ijazah/ijazah-user-16-03-2017-01-pak-sugeng.png', 'http://localhost/project_blk/libs/ktp/ktp-user-16-03-2017-01-pak-sugeng.png', '2017-03-16', '1'),
(15, 'dila', 5, '5363773', 'mgl', 'wanita', 1, 'Belum', 12, 'slaman', '9898', '', '', 'sum', 'f', 'salaman', 'http://localhost/project_blk/libs/ijazah/ijazah-user-16-03-2017-05-dila.png', 'http://localhost/project_blk/libs/ktp/ktp-user-16-03-2017-05-dila.png', '2017-03-16', '1'),
(16, 'pak ali', 1, '53363', 'tempuran', 'pria', 1, 'Menikah', 12, 'tempuran', '755858', '', '', 'pak', 'pns', 'tempuran', 'http://localhost/project_blk/libs/ijazah/ijazah-user-16-03-2017-01-pak-ali.png', 'http://localhost/project_blk/libs/ktp/ktp-user-16-03-2017-01-pak-ali.png', '2017-03-16', '1'),
(17, 'pak sukris', 1, '77484', 'glagah', 'pria', 1, 'Menikah', 14, 'glagah', '869696', '', '', 'o', 'pns', 'glagah', 'http://localhost/project_blk/libs/ijazah/ijazah-user-16-03-2017-01-pak-sukris.png', 'http://localhost/project_blk/libs/ktp/ktp-user-16-03-2017-01-pak-sukris.png', '2017-03-16', '1');

-- --------------------------------------------------------

--
-- Struktur dari tabel `profil`
--

CREATE TABLE IF NOT EXISTS `profil` (
  `id` int(11) NOT NULL AUTO_INCREMENT,
  `idAdmin` int(11) DEFAULT NULL,
  `profilDeskripsi` text,
  `last_updated` date DEFAULT NULL,
  PRIMARY KEY (`id`),
  KEY `idAdmin` (`idAdmin`)
) ENGINE=InnoDB  DEFAULT CHARSET=latin1 AUTO_INCREMENT=2 ;

--
-- Dumping data untuk tabel `profil`
--

INSERT INTO `profil` (`id`, `idAdmin`, `profilDeskripsi`, `last_updated`) VALUES
(1, 1, '<p class="MsoListParagraphCxSpFirst" style="box-sizing: border-box; margin: 0px 0px 10px; color: rgb(51, 51, 51); font-family: &quot;Helvetica Neue&quot;, Helvetica, Arial, sans-serif; font-size: 14px; background-color: rgb(255, 255, 255); text-align: justify; text-indent: -18pt; line-height: 28px;"><span style="box-sizing: border-box; text-indent: -18pt; font-size: 12pt; line-height: 32px;">Gambaran Umum Instansi</span></p><p class="MsoListParagraphCxSpLast" style="box-sizing: border-box; margin: 0cm 0cm 0.0001pt 2cm; color: rgb(51, 51, 51); font-family: &quot;Helvetica Neue&quot;, Helvetica, Arial, sans-serif; font-size: 14px; background-color: rgb(255, 255, 255); text-align: justify; text-indent: -18pt; line-height: 28px;"><span style="box-sizing: border-box; font-size: 12pt; line-height: 32px;">1. &nbsp; Sejarah<o:p style="box-sizing: border-box;"></o:p></span></p><p class="MsoNormal" style="box-sizing: border-box; margin: 0px 0px 10px 2cm; color: rgb(51, 51, 51); font-family: &quot;Helvetica Neue&quot;, Helvetica, Arial, sans-serif; font-size: 14px; background-color: rgb(255, 255, 255); text-align: justify; text-indent: 49.65pt; line-height: 28px;"><span style="box-sizing: border-box; font-size: 12pt; line-height: 32px;">Balai Latihan Kerja Kabupaten Magelang dengan Peraturan Daerah Kabupaten Nomor : 33 Tahun 2008 berubah menjadi Kantor Pendidikan dan Pelatihan Ketenagakerjaan Aparatur ( Kantor Diklat Naker Aparatur ).<o:p style="box-sizing: border-box;"></o:p></span></p><p class="MsoNormal" style="box-sizing: border-box; margin: 0px 0px 10px 2cm; color: rgb(51, 51, 51); font-family: &quot;Helvetica Neue&quot;, Helvetica, Arial, sans-serif; font-size: 14px; background-color: rgb(255, 255, 255); text-align: justify; line-height: 28px;"><span style="box-sizing: border-box; font-size: 12pt; line-height: 32px;">Balai Latihan Kerja Magelang berdiri pada tahun 1984 sampai sekarang mengalami perubahan Nama / Nomenklatur sbb :<o:p style="box-sizing: border-box;"></o:p></span></p><p class="MsoListParagraphCxSpFirst" style="box-sizing: border-box; margin: 0px 0px 10px 78pt; color: rgb(51, 51, 51); font-family: &quot;Helvetica Neue&quot;, Helvetica, Arial, sans-serif; background-color: rgb(255, 255, 255); text-align: justify; text-indent: -18pt; line-height: 28px;"><span style="box-sizing: border-box; line-height: 32px;"><span style="box-sizing: border-box; font-variant-numeric: normal; font-stretch: normal; line-height: normal;">a. &nbsp;</span><span style="font-size: 7pt; box-sizing: border-box; font-variant-numeric: normal; font-stretch: normal; line-height: normal;">&nbsp;</span></span><span style="font-size: 12pt; box-sizing: border-box; line-height: 32px;">Tahun 1984 sampai dengan tahun 1990 bernama BALAI LATIHAN KERJA INDUSTRI DAN PERTANIAN. ( BLKIP ikut pusat, eselon III).<o:p style="box-sizing: border-box;"></o:p></span></p><p class="MsoListParagraphCxSpMiddle" style="box-sizing: border-box; margin: 0px 0px 10px 78pt; color: rgb(51, 51, 51); font-family: &quot;Helvetica Neue&quot;, Helvetica, Arial, sans-serif; font-size: 14px; background-color: rgb(255, 255, 255); text-align: justify; text-indent: -18pt; line-height: 28px;"><span style="box-sizing: border-box; font-size: 12pt; line-height: 32px;">b. &nbsp;Tahun 1991 sampai dengan tahun 1996 bernama BALAI LATIHAN KERJA INDUSTRI ( BLKI ikut pusat, eselon III).<o:p style="box-sizing: border-box;"></o:p></span></p><p class="MsoListParagraphCxSpMiddle" style="box-sizing: border-box; margin: 0px 0px 10px 78pt; color: rgb(51, 51, 51); font-family: &quot;Helvetica Neue&quot;, Helvetica, Arial, sans-serif; font-size: 14px; background-color: rgb(255, 255, 255); text-align: justify; text-indent: -18pt; line-height: 28px;"><span style="box-sizing: border-box; font-size: 12pt; line-height: 32px;">c.<span style="box-sizing: border-box; font-variant-numeric: normal; font-stretch: normal; font-size: 7pt; line-height: normal;">&nbsp;&nbsp;</span></span><span style="box-sizing: border-box; font-size: 12pt; line-height: 32px;">Tahun 1997 sampai dengan tahun 2000 bernama BALAI LATIHAN KERJA&nbsp; ( BLK ikut pusat, eselon III).<o:p style="box-sizing: border-box;"></o:p></span></p><p class="MsoListParagraphCxSpMiddle" style="box-sizing: border-box; margin: 0px 0px 10px 78pt; color: rgb(51, 51, 51); font-family: &quot;Helvetica Neue&quot;, Helvetica, Arial, sans-serif; font-size: 14px; background-color: rgb(255, 255, 255); text-align: justify; text-indent: -18pt; line-height: 28px;"><span style="box-sizing: border-box; font-size: 12pt; line-height: 32px;">d.<span style="box-sizing: border-box; font-variant-numeric: normal; font-stretch: normal; font-size: 7pt; line-height: normal;">&nbsp;&nbsp;</span></span><span style="box-sizing: border-box; font-size: 12pt; line-height: 32px;">Tahun 2001 sampai dengan tahun 2004 bernama KANTOR PELATIHAN KERJA&nbsp; ( Otonomi Daerah Kab. Magelang, eselon III ).<o:p style="box-sizing: border-box;"></o:p></span></p><p class="MsoListParagraphCxSpMiddle" style="box-sizing: border-box; margin: 0px 0px 10px 78pt; color: rgb(51, 51, 51); font-family: &quot;Helvetica Neue&quot;, Helvetica, Arial, sans-serif; font-size: 14px; background-color: rgb(255, 255, 255); text-align: justify; text-indent: -18pt; line-height: 28px;"><span style="box-sizing: border-box; font-size: 12pt; line-height: 32px;">e.<span style="box-sizing: border-box; font-variant-numeric: normal; font-stretch: normal; font-size: 7pt; line-height: normal;">&nbsp;&nbsp;&nbsp;</span></span><span style="box-sizing: border-box; font-size: 12pt; line-height: 32px;">Tahun 2005 sampai dengan 2008 UPT BLK Dinas Tenaga Kerja dan Transmigrasi Kab. Magelang. ( Otonomi Daerah Kab. Magelang , eselon IV).<o:p style="box-sizing: border-box;"></o:p></span></p><p class="MsoListParagraphCxSpLast" style="box-sizing: border-box; margin: 0px 0px 10px 78pt; color: rgb(51, 51, 51); font-family: &quot;Helvetica Neue&quot;, Helvetica, Arial, sans-serif; font-size: 14px; background-color: rgb(255, 255, 255); text-align: justify; text-indent: -18pt; line-height: 28px;"><span style="box-sizing: border-box; font-size: 12pt; line-height: 32px;">f.<span style="box-sizing: border-box; font-variant-numeric: normal; font-stretch: normal; font-size: 7pt; line-height: normal;">&nbsp;</span></span><span style="box-sizing: border-box; font-size: 12pt; line-height: 32px;">Tahun 2009 sampai dengan Sekerang bernama KANTOR PENDIDIKAN DAN PELATIHAN KETENAGAKERJAAN APARATUR ( Otonomi Daerah Kab. Magelang , eselon III ).<o:p style="box-sizing: border-box;"></o:p></span></p><p class="MsoNormal" style="box-sizing: border-box; margin: 0px 0px 10px 2cm; color: rgb(51, 51, 51); font-family: &quot;Helvetica Neue&quot;, Helvetica, Arial, sans-serif; font-size: 14px; background-color: rgb(255, 255, 255); text-align: justify; line-height: 28px;"><span style="box-sizing: border-box; font-size: 12pt; line-height: 32px;">Catatan :<o:p style="box-sizing: border-box;"></o:p></span></p><p class="MsoNormal" style="box-sizing: border-box; margin: 0px 0px 10px 2cm; color: rgb(51, 51, 51); font-family: &quot;Helvetica Neue&quot;, Helvetica, Arial, sans-serif; font-size: 14px; background-color: rgb(255, 255, 255); text-align: justify; line-height: 28px;"><span style="box-sizing: border-box; font-size: 12pt; line-height: 32px;">Berdasarkan Perda No. 11 Tahun 2011 tentang Perubahan atas Peraturan Daerah Kab. Magelang Nomor 33 Tahun 2008 tentang Organisasi dan Tata Kerja Lembaga Lain, Kantor Diklat Naker Aparatur dihapus .<o:p style="box-sizing: border-box;"></o:p></span></p><p class="MsoNormal" style="box-sizing: border-box; margin: 0px 0px 10px 2cm; color: rgb(51, 51, 51); font-family: &quot;Helvetica Neue&quot;, Helvetica, Arial, sans-serif; font-size: 14px; background-color: rgb(255, 255, 255); text-align: justify; line-height: 28px;"><span style="box-sizing: border-box; font-size: 12pt; line-height: 32px;">Berdasarkan Peraturan Bupati Magelang Nomor 19 Tahun 2011 tentang Perubahan atas Peraturan Bupati Magelang Nomor 1 Tahun 2009 tentang UPT Badan dan Dinas di Lingkungan Pemerintah Kab. Magelang &nbsp;maka Kantor Diklat Naker Aparatur Kab. Magelang menjadi UPT BLK pada Dinas Tenaga Kerja, Sosial dan Transmigrasi Kab. Magelang eselon IV ). (Sumber : Kantor Diklat Naker Aparatur)<o:p style="box-sizing: border-box;"></o:p></span></p><p class="MsoListParagraph" style="box-sizing: border-box; margin: 0cm 0cm 0.0001pt 2cm; color: rgb(51, 51, 51); font-family: &quot;Helvetica Neue&quot;, Helvetica, Arial, sans-serif; font-size: 14px; background-color: rgb(255, 255, 255); text-align: justify; text-indent: -17.85pt; line-height: 28px;"><span style="box-sizing: border-box; font-size: 12pt; line-height: 32px;">2.<span style="box-sizing: border-box; font-variant-numeric: normal; font-stretch: normal; font-size: 7pt; line-height: normal;">&nbsp;&nbsp;&nbsp;&nbsp;&nbsp;&nbsp;</span></span><span style="box-sizing: border-box; font-size: 12pt; line-height: 32px;">Tugas Pokok dan Fungsi Balai Latihan Kerja</span><span style="box-sizing: border-box; font-size: 12pt; line-height: 32px;"><o:p style="box-sizing: border-box;"></o:p></span></p><p class="MsoNormal" style="box-sizing: border-box; margin: 0cm 0cm 0.0001pt 2cm; color: rgb(51, 51, 51); font-family: &quot;Helvetica Neue&quot;, Helvetica, Arial, sans-serif; font-size: 14px; background-color: rgb(255, 255, 255); text-align: justify; text-indent: 35.45pt; line-height: 28px;"><span style="box-sizing: border-box; font-size: 12pt; line-height: 32px;">Balai Latihan Kerja mempunyai tugas pokok melaksanakan pendidikan dan pelatihan calon tenaga kerja dan pencari kerja.</span></p><p class="MsoNormal" style="box-sizing: border-box; margin: 0cm 0cm 0.0001pt 2cm; color: rgb(51, 51, 51); font-family: &quot;Helvetica Neue&quot;, Helvetica, Arial, sans-serif; font-size: 14px; background-color: rgb(255, 255, 255); text-align: justify; line-height: 28px;"><span style="box-sizing: border-box; font-size: 12pt; line-height: 32px;">Sedangkan fungsi Balai Latihan Kerja adalah :<o:p style="box-sizing: border-box;"></o:p></span></p><p class="MsoListParagraphCxSpFirst" style="box-sizing: border-box; margin: 0cm 0cm 0.0001pt 70.9pt; color: rgb(51, 51, 51); font-family: &quot;Helvetica Neue&quot;, Helvetica, Arial, sans-serif; font-size: 14px; background-color: rgb(255, 255, 255); text-align: justify; text-indent: -14.2pt; line-height: 28px;"><span style="box-sizing: border-box; font-size: 12pt; line-height: 32px;">a.<span style="box-sizing: border-box; font-variant-numeric: normal; font-stretch: normal; font-size: 7pt; line-height: normal;">&nbsp;</span></span><span style="box-sizing: border-box; font-size: 12pt; line-height: 32px;">Penyusunan program pengembangan pelatihan calon tenaga kerja dan pencari kerja.<o:p style="box-sizing: border-box;"></o:p></span></p><p class="MsoListParagraphCxSpMiddle" style="box-sizing: border-box; margin: 0cm 0cm 0.0001pt 70.9pt; color: rgb(51, 51, 51); font-family: &quot;Helvetica Neue&quot;, Helvetica, Arial, sans-serif; font-size: 14px; background-color: rgb(255, 255, 255); text-align: justify; text-indent: -14.2pt; line-height: 28px;"><span style="box-sizing: border-box; font-size: 12pt; line-height: 32px;">b.<span style="box-sizing: border-box; font-variant-numeric: normal; font-stretch: normal; font-size: 7pt; line-height: normal;">&nbsp;&nbsp;</span></span><span style="box-sizing: border-box; font-size: 12pt; line-height: 32px;">Pelaksanaan pelatihan keterampilan bagi calon tenaga kerja dan pencari kerja.<o:p style="box-sizing: border-box;"></o:p></span></p><p class="MsoListParagraphCxSpMiddle" style="box-sizing: border-box; margin: 0cm 0cm 0.0001pt 70.9pt; color: rgb(51, 51, 51); font-family: &quot;Helvetica Neue&quot;, Helvetica, Arial, sans-serif; font-size: 14px; background-color: rgb(255, 255, 255); text-align: justify; text-indent: -14.2pt; line-height: 28px;"><span style="box-sizing: border-box; font-size: 12pt; line-height: 32px;">c.<span style="box-sizing: border-box; font-variant-numeric: normal; font-stretch: normal; font-size: 7pt; line-height: normal;">&nbsp;&nbsp;&nbsp;&nbsp;</span></span><span style="box-sizing: border-box; font-size: 12pt; line-height: 32px;">Pelaksanaan kerjasama pelatihan dan pemagangan calon tenaga kerja dan pencari kerja.<o:p style="box-sizing: border-box;"></o:p></span></p><p class="MsoListParagraphCxSpMiddle" style="box-sizing: border-box; margin: 0cm 0cm 0.0001pt 2cm; color: rgb(51, 51, 51); font-family: &quot;Helvetica Neue&quot;, Helvetica, Arial, sans-serif; font-size: 14px; text-indent: 0cm; background-color: rgb(255, 255, 255); text-align: justify; line-height: 28px;"><span style="box-sizing: border-box; font-size: 12pt; line-height: 32px;">d.<span style="box-sizing: border-box; font-variant-numeric: normal; font-stretch: normal; font-size: 7pt; line-height: normal;">&nbsp;&nbsp;&nbsp;&nbsp;</span></span><span style="box-sizing: border-box; font-size: 12pt; line-height: 32px;">Pengkajian, pelatihan, penerapan dan bimbingan kerja.<o:p style="box-sizing: border-box;"></o:p></span></p><p class="MsoListParagraphCxSpMiddle" style="box-sizing: border-box; margin: 0cm 0cm 0.0001pt 2cm; color: rgb(51, 51, 51); font-family: &quot;Helvetica Neue&quot;, Helvetica, Arial, sans-serif; font-size: 14px; text-indent: 0cm; background-color: rgb(255, 255, 255); text-align: justify; line-height: 28px;"><span style="box-sizing: border-box; font-size: 12pt; line-height: 32px;">e.<span style="box-sizing: border-box; font-variant-numeric: normal; font-stretch: normal; font-size: 7pt; line-height: normal;">&nbsp;&nbsp;&nbsp;&nbsp;&nbsp;</span></span><span style="box-sizing: border-box; font-size: 12pt; line-height: 32px;">Inventarisasi dan identifikasi pelatihan kerja.</span></p><p class="MsoListParagraphCxSpMiddle" style="box-sizing: border-box; margin: 0cm 0cm 0.0001pt 2cm; color: rgb(51, 51, 51); font-family: &quot;Helvetica Neue&quot;, Helvetica, Arial, sans-serif; font-size: 14px; text-indent: 0cm; background-color: rgb(255, 255, 255); text-align: justify; line-height: 28px;"><span style="box-sizing: border-box; text-indent: -14.2pt; font-size: 12pt; line-height: 32px;">f.<span style="box-sizing: border-box; font-variant-numeric: normal; font-stretch: normal; font-size: 7pt; line-height: normal;">&nbsp;</span></span><span style="box-sizing: border-box; text-indent: -14.2pt; font-size: 12pt; line-height: 32px;">Pemasaran, sosialisasi dan penyuluhan. Pengelolaan urusan ketatausahaan.</span></p><p class="MsoListParagraphCxSpMiddle" style="box-sizing: border-box; margin: 0px 0px 10px 2cm; color: rgb(51, 51, 51); font-family: &quot;Helvetica Neue&quot;, Helvetica, Arial, sans-serif; font-size: 14px; background-color: rgb(255, 255, 255); text-align: justify; text-indent: -18pt; line-height: 28px;"><span style="box-sizing: border-box; font-size: 12pt; line-height: 32px;">3.<span style="box-sizing: border-box; font-variant-numeric: normal; font-stretch: normal; font-size: 7pt; line-height: normal;">&nbsp;&nbsp;&nbsp;&nbsp;&nbsp;&nbsp;</span></span><span style="box-sizing: border-box; font-size: 12pt; line-height: 32px;">Visi, Misi dan Strategi di Balai Latihan Kerja<o:p style="box-sizing: border-box;"></o:p></span></p><p class="MsoListParagraphCxSpMiddle" style="box-sizing: border-box; margin: 0px 0px 10px 78pt; color: rgb(51, 51, 51); font-family: &quot;Helvetica Neue&quot;, Helvetica, Arial, sans-serif; font-size: 14px; background-color: rgb(255, 255, 255); text-align: justify; text-indent: -18pt; line-height: 28px;"><span style="box-sizing: border-box; font-size: 12pt; line-height: 32px;">a.<span style="box-sizing: border-box; font-variant-numeric: normal; font-stretch: normal; font-size: 7pt; line-height: normal;">&nbsp;&nbsp;&nbsp;&nbsp;&nbsp;&nbsp;&nbsp;</span></span><span style="box-sizing: border-box; font-size: 12pt; line-height: 32px;">Visi<o:p style="box-sizing: border-box;"></o:p></span></p><p class="MsoListParagraphCxSpMiddle" style="box-sizing: border-box; margin: 0px 0px 10px 78pt; color: rgb(51, 51, 51); font-family: &quot;Helvetica Neue&quot;, Helvetica, Arial, sans-serif; font-size: 14px; background-color: rgb(255, 255, 255); text-align: justify; line-height: 28px;"><span style="box-sizing: border-box; font-size: 12pt; line-height: 32px;">Terciptanya lulusan Balai Latihan Kerja Kab.Magelang yang kompeten disipilin dan etos kerja tinggi sehingga mampu mengisi lowongan kerja maupun berwira usaha.<o:p style="box-sizing: border-box;"></o:p></span></p><p class="MsoListParagraphCxSpMiddle" style="box-sizing: border-box; margin: 0px 0px 10px 78pt; color: rgb(51, 51, 51); font-family: &quot;Helvetica Neue&quot;, Helvetica, Arial, sans-serif; font-size: 14px; background-color: rgb(255, 255, 255); text-align: justify; text-indent: -18pt; line-height: 28px;"><span style="box-sizing: border-box; font-size: 12pt; line-height: 32px;">b.<span style="box-sizing: border-box; font-variant-numeric: normal; font-stretch: normal; font-size: 7pt; line-height: normal;">&nbsp;&nbsp;&nbsp;&nbsp;&nbsp;&nbsp;</span></span><span style="box-sizing: border-box; font-size: 12pt; line-height: 32px;">Misi<o:p style="box-sizing: border-box;"></o:p></span></p><p class="MsoListParagraphCxSpMiddle" style="box-sizing: border-box; margin: 0cm 0cm 0.0001pt 99.25pt; color: rgb(51, 51, 51); font-family: &quot;Helvetica Neue&quot;, Helvetica, Arial, sans-serif; font-size: 14px; background-color: rgb(255, 255, 255); text-align: justify; text-indent: -18pt; line-height: 28px;"><span style="box-sizing: border-box; font-size: 12pt; line-height: 32px;">1)<span style="box-sizing: border-box; font-variant-numeric: normal; font-stretch: normal; font-size: 7pt; line-height: normal;">&nbsp;</span></span><span style="box-sizing: border-box; font-size: 12pt; line-height: 32px;">Meningkatkan kualitas dan kuantitas pelatihan sesuai dengan kebutuhan pasar kerja.<o:p style="box-sizing: border-box;"></o:p></span></p><p class="MsoListParagraphCxSpMiddle" style="box-sizing: border-box; margin: 0cm 0cm 0.0001pt 99.25pt; color: rgb(51, 51, 51); font-family: &quot;Helvetica Neue&quot;, Helvetica, Arial, sans-serif; font-size: 14px; background-color: rgb(255, 255, 255); text-align: justify; text-indent: -18pt; line-height: 28px;"><span style="box-sizing: border-box; font-size: 12pt; line-height: 32px;">2)<span style="box-sizing: border-box; font-variant-numeric: normal; font-stretch: normal; font-size: 7pt; line-height: normal;">&nbsp;&nbsp;&nbsp;&nbsp;</span></span><span style="box-sizing: border-box; font-size: 12pt; line-height: 32px;">Meningkatkan kualitas Sumber Daya Manusia dan peralatan praktek seiring kemajuan ilmu pengetahuan dan teknologi.<o:p style="box-sizing: border-box;"></o:p></span></p><p class="MsoListParagraphCxSpMiddle" style="box-sizing: border-box; margin: 0cm 0cm 0.0001pt 78pt; color: rgb(51, 51, 51); font-family: &quot;Helvetica Neue&quot;, Helvetica, Arial, sans-serif; font-size: 14px; background-color: rgb(255, 255, 255); text-align: justify; text-indent: -18pt; line-height: 28px;"><span style="box-sizing: border-box; font-size: 12pt; line-height: 32px;">c.<span style="box-sizing: border-box; font-variant-numeric: normal; font-stretch: normal; font-size: 7pt; line-height: normal;">&nbsp;&nbsp;&nbsp;&nbsp;&nbsp;&nbsp;&nbsp;</span></span><span style="box-sizing: border-box; font-size: 12pt; line-height: 32px;">Strategi<o:p style="box-sizing: border-box;"></o:p></span></p><p class="MsoListParagraphCxSpMiddle" style="box-sizing: border-box; margin: 0cm 0cm 0.0001pt 99.25pt; color: rgb(51, 51, 51); font-family: &quot;Helvetica Neue&quot;, Helvetica, Arial, sans-serif; font-size: 14px; background-color: rgb(255, 255, 255); text-align: justify; text-indent: -18pt; line-height: 28px;"><span style="box-sizing: border-box; font-size: 12pt; line-height: 32px;">1)<span style="box-sizing: border-box; font-variant-numeric: normal; font-stretch: normal; font-size: 7pt; line-height: normal;">&nbsp;</span></span><span style="box-sizing: border-box; font-size: 12pt; line-height: 32px;">Pengembangan kurikulum yang mengacup ada kebutuhan pasar kerja.<o:p style="box-sizing: border-box;"></o:p></span></p><p class="MsoListParagraphCxSpMiddle" style="box-sizing: border-box; margin: 0cm 0cm 0.0001pt 99.25pt; color: rgb(51, 51, 51); font-family: &quot;Helvetica Neue&quot;, Helvetica, Arial, sans-serif; font-size: 14px; background-color: rgb(255, 255, 255); text-align: justify; text-indent: -18pt; line-height: 28px;"><span style="box-sizing: border-box; font-size: 12pt; line-height: 32px;">2)<span style="box-sizing: border-box; font-variant-numeric: normal; font-stretch: normal; font-size: 7pt; line-height: normal;">&nbsp;&nbsp;</span></span><span style="box-sizing: border-box; font-size: 12pt; line-height: 32px;">Pengembangan sistem kepelatihan yang berbasis kompetensi.<o:p style="box-sizing: border-box;"></o:p></span></p><p class="MsoListParagraphCxSpMiddle" style="box-sizing: border-box; margin: 0cm 0cm 0.0001pt 99.25pt; color: rgb(51, 51, 51); font-family: &quot;Helvetica Neue&quot;, Helvetica, Arial, sans-serif; font-size: 14px; background-color: rgb(255, 255, 255); text-align: justify; text-indent: -18pt; line-height: 28px;"><span style="box-sizing: border-box; font-size: 12pt; line-height: 32px;">3)</span><span style="box-sizing: border-box; line-height: 28px;"><font size="1" style="box-sizing: border-box;">&nbsp;</font></span><span style="box-sizing: border-box; font-size: 12pt; line-height: 32px;">Peningkatan kompetensi Instruktur melalui Pendidikan dan Pelatihan sesuai dengan bidang keahliannya.</span></p><p class="MsoListParagraphCxSpMiddle" style="box-sizing: border-box; margin: 0cm 0cm 0.0001pt 99.25pt; color: rgb(51, 51, 51); font-family: &quot;Helvetica Neue&quot;, Helvetica, Arial, sans-serif; font-size: 14px; background-color: rgb(255, 255, 255); text-align: justify; text-indent: -18pt; line-height: 28px;"><span style="box-sizing: border-box; text-indent: -17.85pt; font-size: 12pt; line-height: 32px;">4)<span style="box-sizing: border-box; font-variant-numeric: normal; font-stretch: normal; font-size: 7pt; line-height: normal;">&nbsp;&nbsp;&nbsp;&nbsp;&nbsp;</span></span><span style="box-sizing: border-box; text-indent: -17.85pt; font-size: 12pt; line-height: 32px;">Peningkatan dan penambahan alat praktek.</span></p>', '2017-03-22');

-- --------------------------------------------------------

--
-- Struktur dari tabel `slides`
--

CREATE TABLE IF NOT EXISTS `slides` (
  `idSlides` int(11) NOT NULL AUTO_INCREMENT,
  `pathUrl` varchar(225) NOT NULL,
  `filename` varchar(255) NOT NULL,
  `judulSlides` varchar(100) NOT NULL,
  `deskripsi` text NOT NULL,
  `idAdmin` int(11) NOT NULL,
  `last_updated` date NOT NULL,
  PRIMARY KEY (`idSlides`),
  KEY `idAdmin` (`idAdmin`)
) ENGINE=InnoDB  DEFAULT CHARSET=latin1 AUTO_INCREMENT=8 ;

--
-- Dumping data untuk tabel `slides`
--

INSERT INTO `slides` (`idSlides`, `pathUrl`, `filename`, `judulSlides`, `deskripsi`, `idAdmin`, `last_updated`) VALUES
(5, '../../libs/slides/02-03-2017-17-15-55-gambar1.jpg', 'gambar1.jpg', 'Petugas Balai Latihan Kerja PEMKAB Magelang', 'Apel Pagi yang dilakukan oleh staf Balai Latihan Kerja Kabupaten Magelang Jawa Tengah', 1, '2017-03-15'),
(6, '../../libs/slides/02-03-2017-16-56-53-gambar2.jpg', 'gambar2.jpg', 'Pengarahan Kepala BLK Kabupaten Magelang', 'Kegitan runtin dilakukan untuk memperbaiki pelayanan terhadap masyarakat.', 1, '2017-03-04'),
(7, '../../libs/slides/02-03-2017-16-58-16-gambar3.jpg', 'gambar3.jpg', 'Peserta BLK Kabupaten Magelang', 'Upcara yang dilakukan peserta di Balai Latihan Kerja Kabupaten Magelang', 1, '2017-03-02');

-- --------------------------------------------------------

--
-- Struktur dari tabel `staf_blk`
--

CREATE TABLE IF NOT EXISTS `staf_blk` (
  `stafID` int(11) NOT NULL AUTO_INCREMENT,
  `username` varchar(30) NOT NULL,
  `password` varchar(255) NOT NULL,
  `passnohash` varchar(255) NOT NULL,
  `nama` varchar(100) NOT NULL,
  `alamat` text NOT NULL,
  `telepon` varchar(30) NOT NULL,
  `photo` varchar(255) NOT NULL,
  `email` varchar(100) NOT NULL,
  `id_kejuruan` int(11) NOT NULL,
  `idAdmin` int(11) NOT NULL,
  `jabatan` enum('instruktur','pimpinan') NOT NULL,
  `created` date NOT NULL,
  `updated` date DEFAULT NULL,
  PRIMARY KEY (`stafID`),
  KEY `id_kejuruan` (`id_kejuruan`),
  KEY `idAdmin` (`idAdmin`)
) ENGINE=InnoDB  DEFAULT CHARSET=latin1 AUTO_INCREMENT=17 ;

--
-- Dumping data untuk tabel `staf_blk`
--

INSERT INTO `staf_blk` (`stafID`, `username`, `password`, `passnohash`, `nama`, `alamat`, `telepon`, `photo`, `email`, `id_kejuruan`, `idAdmin`, `jabatan`, `created`, `updated`) VALUES
(6, '@endah.sulistyaningtyas', '9b467b1594ca924cefa2d138fd1b2fb7', '', 'Dra. Endah Sulistyaningtyas', 'magelang', '1', '../../libs/staf/staf-1489544550-cewek.png', 'endah@gmail.com', 1, 1, 'instruktur', '2017-03-15', '2017-03-15'),
(7, '@mochaksin', 'b29027c60b1ef31d08f33ebcbc780b0b', '', 'MOCH AKSIN, SPd ', 'Magelang', '2', '../../libs/staf/staf-1489544509-cowok.png', 'moch@gmail.com', 10, 1, 'instruktur', '2017-03-15', '0000-00-00'),
(8, '@mugiyono', '82f99050ddff0bd7764776e55d833a29', '', 'MUGIYONO, SPd ', 'Magelang', '3', '../../libs/staf/staf-1489544694-cowok.png', 'mugiyono@gamil.com', 12, 1, 'instruktur', '2017-03-15', '0000-00-00'),
(9, '@endang', '54f5e2a8de415321b92442bbeeb25d83', '', 'Endang Iriyani, SP', 'Magelang', '4', '../../libs/staf/staf-1489545293-cewek.png', 'endang@gmail.com', 4, 1, 'instruktur', '2017-03-15', '0000-00-00'),
(10, '@imam', 'afb255409c2e559df450fe429515d892', '', 'Imam Ashari, S.Pd', 'magelang', '5', '../../libs/staf/staf-1489546360-cowok.png', 'imam@gmail.com', 12, 1, 'instruktur', '2017-03-15', '0000-00-00'),
(11, '@mardiningsih', 'f8ffe9cc6652b836762550382ebf6d50', '', 'M. Mardiningsih', 'Tempuran', '6', '../../libs/staf/staf-1489546434-cewek.png', 'mardiningsih@gmail.com', 2, 1, 'instruktur', '2017-03-15', '0000-00-00'),
(12, '@warsono', '71c739657f965ad6ce4bf0205cda985b', '', 'Warsono, S.Pd', 'Magelang', '7', '../../libs/staf/staf-1489546566-cowok.png', 'Warsono@gmail.com', 6, 1, 'instruktur', '2017-03-15', '0000-00-00'),
(13, '@bambang', '139cb3a53ae7130adc991af1db610c7b', '', 'Bambang Purnomo Suyatin, S.Pd', 'Magelang', '8', '../../libs/staf/staf-1489546643-cowok.png', 'bambang@gmail.com', 6, 1, 'instruktur', '2017-03-15', '0000-00-00'),
(14, '@rianto', 'c6131218fa456e49ec9ed21cd024c541', '', 'Rianto, ST', 'Magelang', '89', '../../libs/staf/staf-1489546733-cowok.png', 'rianto@gmail.com', 10, 1, 'instruktur', '2017-03-15', '0000-00-00'),
(15, '@sudiarso', '9cca0f3e22e3c2bec71f95a2e5f9d92c', '', 'Sudiarso', 'Magelang', '90', '../../libs/staf/staf-1489546871-cowok.png', 'Sudiarso@gmail.com', 12, 1, 'instruktur', '2017-03-15', '0000-00-00'),
(16, '@majid', '7b3c63a68c1e3185eb78f211742e204f', '', 'MAJID', 'magelang', '99', '../../libs/staf/staf-1489626351-cowok.png', 'H@gil.comma', 7, 1, 'pimpinan', '2017-03-15', '2017-03-16');

-- --------------------------------------------------------

--
-- Struktur dari tabel `users`
--

CREATE TABLE IF NOT EXISTS `users` (
  `idUser` int(11) NOT NULL AUTO_INCREMENT,
  `id_peserta` int(11) NOT NULL,
  `username` varchar(50) NOT NULL,
  `password` varchar(255) NOT NULL,
  `passnohash` varchar(255) NOT NULL,
  `created` date NOT NULL,
  PRIMARY KEY (`idUser`),
  KEY `id_peserta` (`id_peserta`)
) ENGINE=InnoDB  DEFAULT CHARSET=latin1 AUTO_INCREMENT=42 ;

--
-- Dumping data untuk tabel `users`
--

INSERT INTO `users` (`idUser`, `id_peserta`, `username`, `password`, `passnohash`, `created`) VALUES
(32, 7, '@alimaryam', 'e807f1fcf82d132f9bb018ca6738a19f', '1234567890', '2017-03-12'),
(34, 12, 'fadhilah', '050de40000e0c6f15f8cfd16bd9d55db', 'fadhilah', '2017-03-14'),
(35, 13, 'yusufID-20170314', '918326414bd23e5585199249e313e84d', 'yusufID-20170314', '2017-03-14'),
(36, 14, 'pakID-20170316', '75257336ed08f3efb6f10fbc3f205d59', 'pakID-20170316', '2017-03-16'),
(37, 15, 'dilaID-20170316', 'd3311719b1cfff6ab166941a3c3148a8', 'dilaID-20170316', '2017-03-16'),
(38, 17, 'pakID-20170316', '75257336ed08f3efb6f10fbc3f205d59', 'pakID-20170316', '2017-03-16'),
(39, 16, 'pakID-20170316', '75257336ed08f3efb6f10fbc3f205d59', 'pakID-20170316', '2017-03-16'),
(41, 11, 'BejoID-20170312', '6b0167f84e1ed1ce1df656a612dea1a9', 'BejoID-20170312', '2017-03-18');

-- --------------------------------------------------------

--
-- Struktur dari tabel `visimisi`
--

CREATE TABLE IF NOT EXISTS `visimisi` (
  `idVisiMisi` int(11) NOT NULL AUTO_INCREMENT,
  `text` text NOT NULL,
  `created` date NOT NULL,
  `updated` date DEFAULT NULL,
  `idAdmin` int(11) NOT NULL,
  PRIMARY KEY (`idVisiMisi`),
  KEY `idAdmin` (`idAdmin`)
) ENGINE=InnoDB  DEFAULT CHARSET=latin1 AUTO_INCREMENT=4 ;

--
-- Dumping data untuk tabel `visimisi`
--

INSERT INTO `visimisi` (`idVisiMisi`, `text`, `created`, `updated`, `idAdmin`) VALUES
(1, 'Terciptanya lulusan Balai Latihan Kerja Kab.Magelang yang kompeten disipilin dan etos kerja tinggi sehingga mampu mengisi lowongan kerja maupun berwira usaha.', '2017-03-03', NULL, 1),
(2, 'Meningkatkan kualitas dan kuantitas pelatihan sesuai dengan kebutuhan pasar kerja', '2017-03-03', NULL, 1),
(3, 'Meningkatkan kualitas Sumber Daya Manusia dan peralatan praktek seiring kemajuan ilmu pengetahuan dan teknologi.', '2017-03-03', NULL, 1);

--
-- Ketidakleluasaan untuk tabel pelimpahan (Dumped Tables)
--

--
-- Ketidakleluasaan untuk tabel `chartpeserta`
--
ALTER TABLE `chartpeserta`
  ADD CONSTRAINT `chartpeserta_ibfk_1` FOREIGN KEY (`id_peserta`) REFERENCES `peserta` (`id_peserta`) ON DELETE CASCADE ON UPDATE CASCADE;

--
-- Ketidakleluasaan untuk tabel `contact`
--
ALTER TABLE `contact`
  ADD CONSTRAINT `contact_ibfk_1` FOREIGN KEY (`idAdmin`) REFERENCES `admin` (`idAdmin`) ON DELETE CASCADE ON UPDATE CASCADE;

--
-- Ketidakleluasaan untuk tabel `features`
--
ALTER TABLE `features`
  ADD CONSTRAINT `features_ibfk_1` FOREIGN KEY (`idAdmin`) REFERENCES `admin` (`idAdmin`) ON DELETE CASCADE ON UPDATE CASCADE;

--
-- Ketidakleluasaan untuk tabel `gelombang`
--
ALTER TABLE `gelombang`
  ADD CONSTRAINT `gelombang_ibfk_1` FOREIGN KEY (`idKejuruan`) REFERENCES `kejuruan` (`id_kejuruan`) ON DELETE CASCADE ON UPDATE CASCADE;

--
-- Ketidakleluasaan untuk tabel `loker`
--
ALTER TABLE `loker`
  ADD CONSTRAINT `loker_ibfk_1` FOREIGN KEY (`idAdmin`) REFERENCES `admin` (`idAdmin`) ON DELETE CASCADE ON UPDATE CASCADE;

--
-- Ketidakleluasaan untuk tabel `materi`
--
ALTER TABLE `materi`
  ADD CONSTRAINT `materi_ibfk_1` FOREIGN KEY (`id_kejuruan`) REFERENCES `kejuruan` (`id_kejuruan`) ON DELETE CASCADE ON UPDATE CASCADE;

--
-- Ketidakleluasaan untuk tabel `peserta`
--
ALTER TABLE `peserta`
  ADD CONSTRAINT `peserta_ibfk_2` FOREIGN KEY (`id_agama`) REFERENCES `agama` (`id_agama`) ON DELETE CASCADE ON UPDATE CASCADE,
  ADD CONSTRAINT `peserta_ibfk_3` FOREIGN KEY (`id_pendidikan`) REFERENCES `pendidikan` (`id_pendidikan`) ON DELETE CASCADE ON UPDATE CASCADE,
  ADD CONSTRAINT `peserta_ibfk_4` FOREIGN KEY (`id_kejuruan`) REFERENCES `kejuruan` (`id_kejuruan`) ON DELETE CASCADE ON UPDATE CASCADE;

--
-- Ketidakleluasaan untuk tabel `profil`
--
ALTER TABLE `profil`
  ADD CONSTRAINT `profil_ibfk_1` FOREIGN KEY (`idAdmin`) REFERENCES `admin` (`idAdmin`) ON DELETE CASCADE ON UPDATE CASCADE;

--
-- Ketidakleluasaan untuk tabel `slides`
--
ALTER TABLE `slides`
  ADD CONSTRAINT `slides_ibfk_1` FOREIGN KEY (`idAdmin`) REFERENCES `admin` (`idAdmin`) ON DELETE CASCADE ON UPDATE CASCADE;

--
-- Ketidakleluasaan untuk tabel `staf_blk`
--
ALTER TABLE `staf_blk`
  ADD CONSTRAINT `staf_blk_ibfk_2` FOREIGN KEY (`id_kejuruan`) REFERENCES `kejuruan` (`id_kejuruan`) ON DELETE CASCADE ON UPDATE CASCADE,
  ADD CONSTRAINT `staf_blk_ibfk_3` FOREIGN KEY (`idAdmin`) REFERENCES `admin` (`idAdmin`) ON DELETE CASCADE ON UPDATE CASCADE;

--
-- Ketidakleluasaan untuk tabel `users`
--
ALTER TABLE `users`
  ADD CONSTRAINT `users_ibfk_1` FOREIGN KEY (`id_peserta`) REFERENCES `peserta` (`id_peserta`) ON DELETE CASCADE ON UPDATE CASCADE;

--
-- Ketidakleluasaan untuk tabel `visimisi`
--
ALTER TABLE `visimisi`
  ADD CONSTRAINT `visimisi_ibfk_1` FOREIGN KEY (`idAdmin`) REFERENCES `admin` (`idAdmin`) ON DELETE CASCADE ON UPDATE CASCADE;

/*!40101 SET CHARACTER_SET_CLIENT=@OLD_CHARACTER_SET_CLIENT */;
/*!40101 SET CHARACTER_SET_RESULTS=@OLD_CHARACTER_SET_RESULTS */;
/*!40101 SET COLLATION_CONNECTION=@OLD_COLLATION_CONNECTION */;
